{"v":"5.7.12","fr":60,"ip":0,"op":221,"w":500,"h":500,"nm":"1872-small-cute-monste-outline","ddd":0,"assets":[],"layers":[{"ddd":0,"ind":1,"ty":4,"nm":"lordicon.com Outlines","cl":"com","sr":1,"ks":{"o":{"a":0,"k":20,"ix":11,"x":"var $bm_rt;\nvar checkbox = thisComp.layer('02092020').effect('02092020002')('Checkbox');\nif (checkbox == 1) {\n    $bm_rt = 20;\n} else {\n    $bm_rt = 0;\n}\n;"},"r":{"a":0,"k":0,"ix":10},"p":{"a":0,"k":[249.934,481.369,0],"ix":2,"l":2},"a":{"a":0,"k":[79.934,0.369,0],"ix":1,"l":2},"s":{"a":0,"k":[265.159,265.159,100],"ix":6,"l":2}},"ao":0,"shapes":[{"ty":"gr","it":[{"ind":0,"ty":"sh","ix":1,"ks":{"a":0,"k":{"i":[[0,0],[0,0],[0,0],[0,0],[0,0],[0,0]],"o":[[0,0],[0,0],[0,0],[0,0],[0,0],[0,0]],"v":[[1.415,0],[11.014,0],[11.014,-2.523],[4.656,-2.523],[4.656,-14.809],[1.415,-14.809]],"c":true},"ix":2},"nm":"l","mn":"ADBE Vector Shape - Group","hd":false},{"ty":"fl","c":{"a":0,"k":[0,0,0,1],"ix":4},"o":{"a":0,"k":100,"ix":5},"r":1,"bm":0,"nm":"Fill 1","mn":"ADBE Vector Graphic - Fill","hd":false},{"ty":"tr","p":{"a":0,"k":[0,0],"ix":2},"a":{"a":0,"k":[0,0],"ix":1},"s":{"a":0,"k":[100,100],"ix":3},"r":{"a":0,"k":0,"ix":6},"o":{"a":0,"k":100,"ix":7},"sk":{"a":0,"k":0,"ix":4},"sa":{"a":0,"k":0,"ix":5},"nm":"Transform"}],"nm":"l","np":3,"cix":2,"bm":0,"ix":1,"mn":"ADBE Vector Group","hd":false},{"ty":"gr","it":[{"ind":0,"ty":"sh","ix":1,"ks":{"a":0,"k":{"i":[[0,-3.938],[-1.62,-1.723],[-1.949,0],[-1.641,1.846],[0,2.154],[1.579,1.805],[1.579,0]],"o":[[0,1.354],[1.354,1.415],[1.231,0],[1.21,-1.354],[0,-1.456],[-1.456,-1.641],[-5.333,0]],"v":[[11.167,-7.199],[12.992,-1.661],[18.243,0.369],[23.514,-1.743],[25.381,-7.548],[23.494,-13.127],[18.284,-15.137]],"c":true},"ix":2},"nm":"o","mn":"ADBE Vector Shape - Group","hd":false},{"ind":1,"ty":"sh","ix":2,"ks":{"a":0,"k":{"i":[[0,1.415],[-0.841,1.026],[-1.19,0],[-0.615,-1.825],[0,-0.718],[0.492,-0.738],[1.292,0],[0.451,0.615]],"o":[[0,-1.682],[0.595,-0.759],[1.518,0],[0.308,0.902],[0,2.359],[-0.595,0.923],[-1.477,0],[-0.882,-1.149]],"v":[[14.49,-7.302],[15.577,-11.609],[18.305,-12.86],[21.689,-10.235],[22.058,-7.589],[21.053,-3.343],[18.284,-1.969],[15.597,-3.159]],"c":true},"ix":2},"nm":"o","mn":"ADBE Vector Shape - Group","hd":false},{"ty":"mm","mm":1,"nm":"Merge Paths 1","mn":"ADBE Vector Filter - Merge","hd":false},{"ty":"fl","c":{"a":0,"k":[0,0,0,1],"ix":4},"o":{"a":0,"k":100,"ix":5},"r":1,"bm":0,"nm":"Fill 1","mn":"ADBE Vector Graphic - Fill","hd":false},{"ty":"tr","p":{"a":0,"k":[0,0],"ix":2},"a":{"a":0,"k":[0,0],"ix":1},"s":{"a":0,"k":[100,100],"ix":3},"r":{"a":0,"k":0,"ix":6},"o":{"a":0,"k":100,"ix":7},"sk":{"a":0,"k":0,"ix":4},"sa":{"a":0,"k":0,"ix":5},"nm":"Transform"}],"nm":"o","np":5,"cix":2,"bm":0,"ix":2,"mn":"ADBE Vector Group","hd":false},{"ty":"gr","it":[{"ind":0,"ty":"sh","ix":1,"ks":{"a":0,"k":{"i":[[0,0],[0,0],[0,0],[0,0],[-0.287,-0.841],[-0.144,-0.82],[0,0],[0.164,0.656],[0.226,1.743],[2.236,0.205],[0,2.769],[0.923,0.8],[1.641,-0.021],[0,0]],"o":[[0,0],[0,0],[0,0],[0.533,0],[0.205,0.574],[0,0],[-0.164,-0.246],[-0.103,-0.41],[-0.267,-1.928],[0.718,-0.205],[0,-0.964],[-1.19,-1.026],[0,0],[0,0]],"v":[[27.381,0],[30.622,0],[30.622,-5.989],[33.411,-5.989],[35.011,-5.148],[35.811,0],[39.318,0],[38.867,-1.067],[38.416,-3.938],[35.749,-7.343],[38.847,-10.973],[37.554,-13.824],[33.063,-14.829],[27.381,-14.829]],"c":true},"ix":2},"nm":"r","mn":"ADBE Vector Shape - Group","hd":false},{"ind":1,"ty":"sh","ix":2,"ks":{"a":0,"k":{"i":[[0,0],[0,0],[-0.492,-0.349],[0,-1.005],[0.226,-0.164],[0.369,0],[0,0]],"o":[[0,0],[1.005,0],[0.287,0.185],[0,1.046],[-0.513,0.41],[0,0],[0,0]],"v":[[30.519,-12.491],[32.652,-12.491],[34.744,-12.142],[35.524,-10.481],[34.703,-8.758],[33.083,-8.348],[30.519,-8.348]],"c":true},"ix":2},"nm":"r","mn":"ADBE Vector Shape - Group","hd":false},{"ty":"mm","mm":1,"nm":"Merge Paths 1","mn":"ADBE Vector Filter - Merge","hd":false},{"ty":"fl","c":{"a":0,"k":[0,0,0,1],"ix":4},"o":{"a":0,"k":100,"ix":5},"r":1,"bm":0,"nm":"Fill 1","mn":"ADBE Vector Graphic - Fill","hd":false},{"ty":"tr","p":{"a":0,"k":[0,0],"ix":2},"a":{"a":0,"k":[0,0],"ix":1},"s":{"a":0,"k":[100,100],"ix":3},"r":{"a":0,"k":0,"ix":6},"o":{"a":0,"k":100,"ix":7},"sk":{"a":0,"k":0,"ix":4},"sa":{"a":0,"k":0,"ix":5},"nm":"Transform"}],"nm":"r","np":5,"cix":2,"bm":0,"ix":3,"mn":"ADBE Vector Group","hd":false},{"ty":"gr","it":[{"ind":0,"ty":"sh","ix":1,"ks":{"a":0,"k":{"i":[[0,0],[0,0],[-0.554,0.103],[0,4.553],[1.866,1.374],[0.82,0],[0,0]],"o":[[0,0],[1.497,0],[2.81,-0.513],[0,-2.113],[-1.784,-1.313],[0,0],[0,0]],"v":[[41.068,0],[45.683,0],[48.349,-0.164],[53.6,-7.609],[51.077,-13.434],[45.97,-14.768],[41.068,-14.788]],"c":true},"ix":2},"nm":"d","mn":"ADBE Vector Shape - Group","hd":false},{"ind":1,"ty":"sh","ix":2,"ks":{"a":0,"k":{"i":[[0,0],[-0.656,-0.185],[0,-2.092],[1.251,-1.251],[1.354,0],[0.349,0.021]],"o":[[1.825,-0.082],[1.99,0.554],[0,0.718],[-0.923,0.923],[-0.369,0],[0,0]],"v":[[44.288,-12.388],[47.611,-12.183],[50.318,-7.609],[48.985,-3.425],[45.539,-2.4],[44.288,-2.441]],"c":true},"ix":2},"nm":"d","mn":"ADBE Vector Shape - Group","hd":false},{"ty":"mm","mm":1,"nm":"Merge Paths 1","mn":"ADBE Vector Filter - Merge","hd":false},{"ty":"fl","c":{"a":0,"k":[0,0,0,1],"ix":4},"o":{"a":0,"k":100,"ix":5},"r":1,"bm":0,"nm":"Fill 1","mn":"ADBE Vector Graphic - Fill","hd":false},{"ty":"tr","p":{"a":0,"k":[0,0],"ix":2},"a":{"a":0,"k":[0,0],"ix":1},"s":{"a":0,"k":[100,100],"ix":3},"r":{"a":0,"k":0,"ix":6},"o":{"a":0,"k":100,"ix":7},"sk":{"a":0,"k":0,"ix":4},"sa":{"a":0,"k":0,"ix":5},"nm":"Transform"}],"nm":"d","np":5,"cix":2,"bm":0,"ix":4,"mn":"ADBE Vector Group","hd":false},{"ty":"gr","it":[{"ind":0,"ty":"sh","ix":1,"ks":{"a":0,"k":{"i":[[0,0],[0,0],[0,0],[0,0]],"o":[[0,0],[0,0],[0,0],[0,0]],"v":[[55.669,0],[58.849,0],[58.849,-14.87],[55.669,-14.87]],"c":true},"ix":2},"nm":"i","mn":"ADBE Vector Shape - Group","hd":false},{"ty":"fl","c":{"a":0,"k":[0,0,0,1],"ix":4},"o":{"a":0,"k":100,"ix":5},"r":1,"bm":0,"nm":"Fill 1","mn":"ADBE Vector Graphic - Fill","hd":false},{"ty":"tr","p":{"a":0,"k":[0,0],"ix":2},"a":{"a":0,"k":[0,0],"ix":1},"s":{"a":0,"k":[100,100],"ix":3},"r":{"a":0,"k":0,"ix":6},"o":{"a":0,"k":100,"ix":7},"sk":{"a":0,"k":0,"ix":4},"sa":{"a":0,"k":0,"ix":5},"nm":"Transform"}],"nm":"i","np":3,"cix":2,"bm":0,"ix":5,"mn":"ADBE Vector Group","hd":false},{"ty":"gr","it":[{"ind":0,"ty":"sh","ix":1,"ks":{"a":0,"k":{"i":[[0,0],[3.241,0],[0,-4.697],[-5.107,0],[-1.313,1.354],[-0.062,0.882],[0,0],[1.333,0],[0,0.882],[-2.359,0],[-0.062,-0.513]],"o":[[0,-2.954],[-4.164,0],[0,3.671],[1.354,0],[1.19,-1.231],[0,0],[-0.062,1.969],[-3.097,0],[0,-3.056],[2.154,0],[0,0]],"v":[[73.104,-9.989],[67.587,-14.911],[60.798,-7.097],[67.566,0.349],[71.894,-1.313],[73.227,-4.799],[69.884,-4.799],[67.218,-1.99],[64.121,-7.076],[67.464,-12.593],[69.864,-9.989]],"c":true},"ix":2},"nm":"c","mn":"ADBE Vector Shape - Group","hd":false},{"ty":"fl","c":{"a":0,"k":[0,0,0,1],"ix":4},"o":{"a":0,"k":100,"ix":5},"r":1,"bm":0,"nm":"Fill 1","mn":"ADBE Vector Graphic - Fill","hd":false},{"ty":"tr","p":{"a":0,"k":[0,0],"ix":2},"a":{"a":0,"k":[0,0],"ix":1},"s":{"a":0,"k":[100,100],"ix":3},"r":{"a":0,"k":0,"ix":6},"o":{"a":0,"k":100,"ix":7},"sk":{"a":0,"k":0,"ix":4},"sa":{"a":0,"k":0,"ix":5},"nm":"Transform"}],"nm":"c","np":3,"cix":2,"bm":0,"ix":6,"mn":"ADBE Vector Group","hd":false},{"ty":"gr","it":[{"ind":0,"ty":"sh","ix":1,"ks":{"a":0,"k":{"i":[[0,-3.938],[-1.62,-1.723],[-1.949,0],[-1.641,1.846],[0,2.154],[1.579,1.805],[1.579,0]],"o":[[0,1.354],[1.354,1.415],[1.231,0],[1.21,-1.354],[0,-1.456],[-1.456,-1.641],[-5.333,0]],"v":[[74.546,-7.199],[76.372,-1.661],[81.622,0.369],[86.894,-1.743],[88.76,-7.548],[86.873,-13.127],[81.663,-15.137]],"c":true},"ix":2},"nm":"o","mn":"ADBE Vector Shape - Group","hd":false},{"ind":1,"ty":"sh","ix":2,"ks":{"a":0,"k":{"i":[[0,1.415],[-0.841,1.026],[-1.19,0],[-0.615,-1.825],[0,-0.718],[0.492,-0.738],[1.292,0],[0.451,0.615]],"o":[[0,-1.682],[0.595,-0.759],[1.518,0],[0.308,0.902],[0,2.359],[-0.595,0.923],[-1.477,0],[-0.882,-1.149]],"v":[[77.869,-7.302],[78.956,-11.609],[81.684,-12.86],[85.068,-10.235],[85.437,-7.589],[84.432,-3.343],[81.663,-1.969],[78.977,-3.159]],"c":true},"ix":2},"nm":"o","mn":"ADBE Vector Shape - Group","hd":false},{"ty":"mm","mm":1,"nm":"Merge Paths 1","mn":"ADBE Vector Filter - Merge","hd":false},{"ty":"fl","c":{"a":0,"k":[0,0,0,1],"ix":4},"o":{"a":0,"k":100,"ix":5},"r":1,"bm":0,"nm":"Fill 1","mn":"ADBE Vector Graphic - Fill","hd":false},{"ty":"tr","p":{"a":0,"k":[0,0],"ix":2},"a":{"a":0,"k":[0,0],"ix":1},"s":{"a":0,"k":[100,100],"ix":3},"r":{"a":0,"k":0,"ix":6},"o":{"a":0,"k":100,"ix":7},"sk":{"a":0,"k":0,"ix":4},"sa":{"a":0,"k":0,"ix":5},"nm":"Transform"}],"nm":"o","np":5,"cix":2,"bm":0,"ix":7,"mn":"ADBE Vector Group","hd":false},{"ty":"gr","it":[{"ind":0,"ty":"sh","ix":1,"ks":{"a":0,"k":{"i":[[0,0],[0,0],[0,0],[0,0],[0,0],[0,0],[0,0],[0,0],[0,0],[0,0]],"o":[[0,0],[0,0],[0,0],[0,0],[0,0],[0,0],[0,0],[0,0],[0,0],[0,0]],"v":[[91.007,0],[94.001,0],[94.001,-12.306],[99.744,0],[104.113,0],[104.113,-14.829],[101.159,-14.829],[101.159,-3.159],[95.601,-14.829],[91.007,-14.829]],"c":true},"ix":2},"nm":"n","mn":"ADBE Vector Shape - Group","hd":false},{"ty":"fl","c":{"a":0,"k":[0,0,0,1],"ix":4},"o":{"a":0,"k":100,"ix":5},"r":1,"bm":0,"nm":"Fill 1","mn":"ADBE Vector Graphic - Fill","hd":false},{"ty":"tr","p":{"a":0,"k":[0,0],"ix":2},"a":{"a":0,"k":[0,0],"ix":1},"s":{"a":0,"k":[100,100],"ix":3},"r":{"a":0,"k":0,"ix":6},"o":{"a":0,"k":100,"ix":7},"sk":{"a":0,"k":0,"ix":4},"sa":{"a":0,"k":0,"ix":5},"nm":"Transform"}],"nm":"n","np":3,"cix":2,"bm":0,"ix":8,"mn":"ADBE Vector Group","hd":false},{"ty":"gr","it":[{"ind":0,"ty":"sh","ix":1,"ks":{"a":0,"k":{"i":[[0,0],[0,0],[0,0],[0,0]],"o":[[0,0],[0,0],[0,0],[0,0]],"v":[[106.893,0],[109.497,0],[109.497,-2.728],[106.893,-2.728]],"c":true},"ix":2},"nm":".","mn":"ADBE Vector Shape - Group","hd":false},{"ty":"fl","c":{"a":0,"k":[0,0,0,1],"ix":4},"o":{"a":0,"k":100,"ix":5},"r":1,"bm":0,"nm":"Fill 1","mn":"ADBE Vector Graphic - Fill","hd":false},{"ty":"tr","p":{"a":0,"k":[0,0],"ix":2},"a":{"a":0,"k":[0,0],"ix":1},"s":{"a":0,"k":[100,100],"ix":3},"r":{"a":0,"k":0,"ix":6},"o":{"a":0,"k":100,"ix":7},"sk":{"a":0,"k":0,"ix":4},"sa":{"a":0,"k":0,"ix":5},"nm":"Transform"}],"nm":".","np":3,"cix":2,"bm":0,"ix":9,"mn":"ADBE Vector Group","hd":false},{"ty":"gr","it":[{"ind":0,"ty":"sh","ix":1,"ks":{"a":0,"k":{"i":[[0,0],[3.241,0],[0,-4.697],[-5.107,0],[-1.313,1.354],[-0.062,0.882],[0,0],[1.333,0],[0,0.882],[-2.359,0],[-0.062,-0.513]],"o":[[0,-2.954],[-4.164,0],[0,3.671],[1.354,0],[1.19,-1.231],[0,0],[-0.062,1.969],[-3.097,0],[0,-3.056],[2.154,0],[0,0]],"v":[[124.04,-9.989],[118.523,-14.911],[111.734,-7.097],[118.502,0.349],[122.83,-1.313],[124.163,-4.799],[120.82,-4.799],[118.154,-1.99],[115.057,-7.076],[118.4,-12.593],[120.8,-9.989]],"c":true},"ix":2},"nm":"c","mn":"ADBE Vector Shape - Group","hd":false},{"ty":"fl","c":{"a":0,"k":[0,0,0,1],"ix":4},"o":{"a":0,"k":100,"ix":5},"r":1,"bm":0,"nm":"Fill 1","mn":"ADBE Vector Graphic - Fill","hd":false},{"ty":"tr","p":{"a":0,"k":[0,0],"ix":2},"a":{"a":0,"k":[0,0],"ix":1},"s":{"a":0,"k":[100,100],"ix":3},"r":{"a":0,"k":0,"ix":6},"o":{"a":0,"k":100,"ix":7},"sk":{"a":0,"k":0,"ix":4},"sa":{"a":0,"k":0,"ix":5},"nm":"Transform"}],"nm":"c","np":3,"cix":2,"bm":0,"ix":10,"mn":"ADBE Vector Group","hd":false},{"ty":"gr","it":[{"ind":0,"ty":"sh","ix":1,"ks":{"a":0,"k":{"i":[[0,-3.938],[-1.62,-1.723],[-1.949,0],[-1.641,1.846],[0,2.154],[1.579,1.805],[1.579,0]],"o":[[0,1.354],[1.354,1.415],[1.231,0],[1.21,-1.354],[0,-1.456],[-1.456,-1.641],[-5.333,0]],"v":[[125.482,-7.199],[127.308,-1.661],[132.558,0.369],[137.829,-1.743],[139.696,-7.548],[137.809,-13.127],[132.599,-15.137]],"c":true},"ix":2},"nm":"o","mn":"ADBE Vector Shape - Group","hd":false},{"ind":1,"ty":"sh","ix":2,"ks":{"a":0,"k":{"i":[[0,1.415],[-0.841,1.026],[-1.19,0],[-0.615,-1.825],[0,-0.718],[0.492,-0.738],[1.292,0],[0.451,0.615]],"o":[[0,-1.682],[0.595,-0.759],[1.518,0],[0.308,0.902],[0,2.359],[-0.595,0.923],[-1.477,0],[-0.882,-1.149]],"v":[[128.805,-7.302],[129.892,-11.609],[132.62,-12.86],[136.004,-10.235],[136.373,-7.589],[135.368,-3.343],[132.599,-1.969],[129.912,-3.159]],"c":true},"ix":2},"nm":"o","mn":"ADBE Vector Shape - Group","hd":false},{"ty":"mm","mm":1,"nm":"Merge Paths 1","mn":"ADBE Vector Filter - Merge","hd":false},{"ty":"fl","c":{"a":0,"k":[0,0,0,1],"ix":4},"o":{"a":0,"k":100,"ix":5},"r":1,"bm":0,"nm":"Fill 1","mn":"ADBE Vector Graphic - Fill","hd":false},{"ty":"tr","p":{"a":0,"k":[0,0],"ix":2},"a":{"a":0,"k":[0,0],"ix":1},"s":{"a":0,"k":[100,100],"ix":3},"r":{"a":0,"k":0,"ix":6},"o":{"a":0,"k":100,"ix":7},"sk":{"a":0,"k":0,"ix":4},"sa":{"a":0,"k":0,"ix":5},"nm":"Transform"}],"nm":"o","np":5,"cix":2,"bm":0,"ix":11,"mn":"ADBE Vector Group","hd":false},{"ty":"gr","it":[{"ind":0,"ty":"sh","ix":1,"ks":{"a":0,"k":{"i":[[0,0],[0,0],[0,0],[0,0],[0,0],[0,0],[0,0],[0,0],[0,0],[0,0],[0,0],[0,0],[0,0]],"o":[[0,0],[0,0],[0,0],[0,0],[0,0],[0,0],[0,0],[0,0],[0,0],[0,0],[0,0],[0,0],[0,0]],"v":[[141.696,0],[144.67,0],[144.67,-12.716],[148.629,0],[151.254,0],[155.295,-12.716],[155.295,0],[158.453,0],[158.453,-14.829],[153.408,-14.829],[150.024,-4.041],[146.885,-14.829],[141.696,-14.829]],"c":true},"ix":2},"nm":"m","mn":"ADBE Vector Shape - Group","hd":false},{"ty":"fl","c":{"a":0,"k":[0,0,0,1],"ix":4},"o":{"a":0,"k":100,"ix":5},"r":1,"bm":0,"nm":"Fill 1","mn":"ADBE Vector Graphic - Fill","hd":false},{"ty":"tr","p":{"a":0,"k":[0,0],"ix":2},"a":{"a":0,"k":[0,0],"ix":1},"s":{"a":0,"k":[100,100],"ix":3},"r":{"a":0,"k":0,"ix":6},"o":{"a":0,"k":100,"ix":7},"sk":{"a":0,"k":0,"ix":4},"sa":{"a":0,"k":0,"ix":5},"nm":"Transform"}],"nm":"m","np":3,"cix":2,"bm":0,"ix":12,"mn":"ADBE Vector Group","hd":false}],"ip":2.5,"op":25,"st":0,"bm":0},{"ddd":0,"ind":2,"ty":3,"nm":"02092020","sr":1,"ks":{"o":{"a":0,"k":0,"ix":11},"r":{"a":0,"k":0,"ix":10},"p":{"a":0,"k":[-105,15,0],"ix":2,"l":2},"a":{"a":0,"k":[60,60,0],"ix":1,"l":2},"s":{"a":0,"k":[100,100,100],"ix":6,"l":2}},"ao":0,"ef":[{"ty":5,"nm":"02092020002","np":3,"mn":"ADBE Checkbox Control","ix":1,"en":1,"ef":[{"ty":7,"nm":"Checkbox","mn":"ADBE Checkbox Control-0001","ix":1,"v":{"a":0,"k":0,"ix":1}}]}],"ip":0,"op":300,"st":0,"bm":0},{"ddd":0,"ind":3,"ty":3,"nm":"Color  & Stroke Change","sr":1,"ks":{"o":{"a":0,"k":0,"ix":11},"r":{"a":0,"k":0,"ix":10},"p":{"a":0,"k":[0,0],"ix":2,"l":2},"a":{"a":0,"k":[0,0,0],"ix":1,"l":2},"s":{"a":0,"k":[100,100,100],"ix":6,"l":2}},"ao":0,"ef":[{"ty":5,"nm":"Primary","np":3,"mn":"ADBE Color Control","ix":1,"en":1,"ef":[{"ty":2,"nm":"Color","mn":"ADBE Color Control-0001","ix":1,"v":{"a":0,"k":[0.070588238537,0.074509806931,0.192156866193,1],"ix":1}}]},{"ty":5,"nm":"Secondary","np":3,"mn":"ADBE Color Control","ix":2,"en":1,"ef":[{"ty":2,"nm":"Color","mn":"ADBE Color Control-0001","ix":1,"v":{"a":0,"k":[0.031372550875,0.658823549747,0.541176497936,1],"ix":1}}]},{"ty":5,"nm":"Stroke","np":3,"mn":"ADBE Slider Control","ix":3,"en":1,"ef":[{"ty":0,"nm":"Slider","mn":"ADBE Slider Control-0001","ix":1,"v":{"a":0,"k":70,"ix":1}}]},{"ty":5,"nm":"Axis","np":3,"mn":"ADBE Point Control","ix":4,"en":1,"ef":[{"ty":3,"nm":"Point","mn":"ADBE Point Control-0001","ix":1,"v":{"a":0,"k":[250,250],"ix":1}}]},{"ty":5,"nm":"Scale","np":3,"mn":"ADBE Slider Control","ix":5,"en":1,"ef":[{"ty":0,"nm":"Slider","mn":"ADBE Slider Control-0001","ix":1,"v":{"a":0,"k":100,"ix":1}}]}],"ip":0,"op":300,"st":0,"bm":0},{"ddd":0,"ind":4,"ty":3,"nm":"NULL","sr":1,"ks":{"o":{"a":0,"k":0,"ix":11},"r":{"a":0,"k":0,"ix":10},"p":{"a":0,"k":[250,250,0],"ix":2,"l":2,"x":"var $bm_rt;\n$bm_rt = thisComp.layer('Color  & Stroke Change').effect('Axis')('Point');"},"a":{"a":0,"k":[60,60,0],"ix":1,"l":2},"s":{"a":0,"k":[100,100,100],"ix":6,"l":2,"x":"var $bm_rt;\nvar temp;\ntemp = thisComp.layer('Color  & Stroke Change').effect('Scale')('Slider');\n$bm_rt = [\n    temp,\n    temp\n];"}},"ao":0,"ip":0,"op":300,"st":0,"bm":0},{"ddd":0,"ind":5,"ty":3,"nm":"NULL CONTROL ","parent":4,"sr":1,"ks":{"o":{"a":0,"k":0,"ix":11},"r":{"a":1,"k":[{"i":{"x":[0.4],"y":[1]},"o":{"x":[0.333],"y":[0]},"t":0,"s":[0]},{"i":{"x":[0.4],"y":[1]},"o":{"x":[0.6],"y":[0]},"t":20,"s":[-11]},{"i":{"x":[0.4],"y":[1]},"o":{"x":[0.6],"y":[0]},"t":50,"s":[-2.538]},{"i":{"x":[0.4],"y":[1]},"o":{"x":[0.6],"y":[0]},"t":82,"s":[-11]},{"i":{"x":[0.4],"y":[1]},"o":{"x":[0.6],"y":[0]},"t":105,"s":[-2.538]},{"i":{"x":[0.667],"y":[1]},"o":{"x":[0.6],"y":[0]},"t":138.666,"s":[-11]},{"i":{"x":[0.667],"y":[1]},"o":{"x":[0.333],"y":[0]},"t":174.645,"s":[2]},{"t":197,"s":[0]}],"ix":10},"p":{"a":1,"k":[{"i":{"x":0.4,"y":1},"o":{"x":0.333,"y":0},"t":0,"s":[60,89.988,0],"to":[0,0,0],"ti":[0,0,0]},{"i":{"x":0.4,"y":1},"o":{"x":0.6,"y":0},"t":20,"s":[45.5,91.988,0],"to":[0,0,0],"ti":[0,0,0]},{"i":{"x":0.4,"y":1},"o":{"x":0.6,"y":0},"t":50,"s":[56.653,90.449,0],"to":[0,0,0],"ti":[0,0,0]},{"i":{"x":0.4,"y":1},"o":{"x":0.6,"y":0},"t":82,"s":[45.5,91.988,0],"to":[0,0,0],"ti":[0,0,0]},{"i":{"x":0.4,"y":1},"o":{"x":0.6,"y":0},"t":105,"s":[56.653,90.449,0],"to":[0,0,0],"ti":[0,0,0]},{"i":{"x":0.667,"y":1},"o":{"x":0.6,"y":0},"t":138.666,"s":[45.5,91.988,0],"to":[0,0,0],"ti":[0,0,0]},{"i":{"x":0.667,"y":1},"o":{"x":0.333,"y":0},"t":174.645,"s":[62,89.988,0],"to":[0,0,0],"ti":[0,0,0]},{"t":197,"s":[60,89.988,0]}],"ix":2,"l":2},"a":{"a":0,"k":[50,50,0],"ix":1,"l":2},"s":{"a":0,"k":[100,100,100],"ix":6,"l":2}},"ao":0,"ip":0,"op":844,"st":0,"bm":0},{"ddd":0,"ind":6,"ty":4,"nm":"Arm-L","parent":5,"sr":1,"ks":{"o":{"a":0,"k":100,"ix":11},"r":{"a":0,"k":0,"ix":10},"p":{"a":0,"k":[-87.28,50,0],"ix":2,"l":2},"a":{"a":0,"k":[0,0,0],"ix":1,"l":2},"s":{"a":0,"k":[100,100,100],"ix":6,"l":2}},"ao":0,"shapes":[{"ty":"gr","it":[{"ind":0,"ty":"sh","ix":1,"ks":{"a":1,"k":[{"i":{"x":0.4,"y":1},"o":{"x":0.333,"y":0},"t":0,"s":[{"i":[[7.495,-49.516],[10.034,-36.505],[-12.797,-1.009],[-0.143,-0.01],[-2.58,9.412],[-14.316,11.359]],"o":[[-33.68,15.795],[-3.406,12.379],[0.143,0.01],[9.728,0.765],[4.976,-18.13],[0,0]],"v":[[34.893,-54.075],[-34.476,28.163],[-16.397,53.981],[-15.979,54.012],[5.271,39.145],[35.22,-6.099]],"c":false}]},{"i":{"x":0.4,"y":1},"o":{"x":0.6,"y":0},"t":20,"s":[{"i":[[7.495,-49.516],[5.044,-37.521],[-12.817,0.72],[-0.143,0.008],[-1.294,9.673],[-14.316,11.359]],"o":[[-33.68,15.795],[-1.711,12.725],[0.143,-0.009],[9.742,-0.55],[2.493,-18.634],[0,0]],"v":[[34.893,-54.075],[-28.368,34.051],[-6.982,57.204],[-6.564,57.178],[12.495,39.589],[35.22,-6.099]],"c":false}]},{"i":{"x":0.4,"y":1},"o":{"x":0.6,"y":0},"t":50,"s":[{"i":[[7.495,-49.516],[12.348,-35.788],[-12.707,-1.823],[-0.142,-0.02],[-3.177,9.227],[-14.316,11.359]],"o":[[-33.68,15.795],[-4.188,12.137],[0.142,0.019],[9.659,1.383],[6.121,-17.776],[0,0]],"v":[[34.893,-54.075],[-38.565,23.095],[-22.168,50.013],[-21.752,50.07],[0.402,36.587],[35.22,-6.099]],"c":false}]},{"i":{"x":0.4,"y":1},"o":{"x":0.6,"y":0},"t":82,"s":[{"i":[[7.495,-49.516],[5.044,-37.521],[-12.817,0.72],[-0.143,0.008],[-1.294,9.673],[-14.316,11.359]],"o":[[-33.68,15.795],[-1.711,12.725],[0.143,-0.009],[9.742,-0.55],[2.493,-18.634],[0,0]],"v":[[34.893,-54.075],[-28.368,34.051],[-6.982,57.204],[-6.564,57.178],[12.495,39.589],[35.22,-6.099]],"c":false}]},{"i":{"x":0.4,"y":1},"o":{"x":0.6,"y":0},"t":105,"s":[{"i":[[7.495,-49.516],[12.348,-35.788],[-12.707,-1.823],[-0.142,-0.02],[-3.177,9.227],[-14.316,11.359]],"o":[[-33.68,15.795],[-4.188,12.137],[0.142,0.019],[9.659,1.383],[6.121,-17.776],[0,0]],"v":[[34.893,-54.075],[-38.565,23.095],[-22.168,50.013],[-21.752,50.07],[0.402,36.587],[35.22,-6.099]],"c":false}]},{"i":{"x":0.667,"y":1},"o":{"x":0.6,"y":0},"t":138.666,"s":[{"i":[[7.495,-49.516],[5.044,-37.521],[-12.817,0.72],[-0.143,0.008],[-1.294,9.673],[-14.316,11.359]],"o":[[-33.68,15.795],[-1.711,12.725],[0.143,-0.009],[9.742,-0.55],[2.493,-18.634],[0,0]],"v":[[34.893,-54.075],[-28.368,34.051],[-6.982,57.204],[-6.564,57.178],[12.495,39.589],[35.22,-6.099]],"c":false}]},{"i":{"x":0.667,"y":1},"o":{"x":0.167,"y":0},"t":174.645,"s":[{"i":[[7.495,-49.516],[15.263,-34.646],[-12.513,-2.867],[-0.14,-0.032],[-3.929,8.933],[-14.316,11.359]],"o":[[-33.68,15.795],[-5.176,11.749],[0.14,0.031],[9.512,2.176],[7.569,-17.21],[0,0]],"v":[[34.893,-54.075],[-39.413,20.777],[-25.295,48.958],[-24.886,49.049],[-1.694,37.443],[35.22,-6.099]],"c":false}]},{"t":197,"s":[{"i":[[7.495,-49.516],[10.034,-36.505],[-12.797,-1.009],[-0.143,-0.01],[-2.58,9.412],[-14.316,11.359]],"o":[[-33.68,15.795],[-3.406,12.379],[0.143,0.01],[9.728,0.765],[4.976,-18.13],[0,0]],"v":[[34.893,-54.075],[-34.476,28.163],[-16.397,53.981],[-15.979,54.012],[5.271,39.145],[35.22,-6.099]],"c":false}]}],"ix":2},"nm":"Path 1","mn":"ADBE Vector Shape - Group","hd":false},{"ty":"st","c":{"a":0,"k":[0.070588238537,0.074509806931,0.192156866193,1],"ix":3,"x":"var $bm_rt;\n$bm_rt = thisComp.layer('Color  & Stroke Change').effect('Primary')('Color');"},"o":{"a":0,"k":100,"ix":4},"w":{"a":0,"k":12,"ix":5,"x":"var $bm_rt;\n$bm_rt = $bm_mul(17.2 / 100, thisComp.layer('Color  & Stroke Change').effect('Stroke')('Slider'));"},"lc":2,"lj":2,"bm":0,"nm":"Stroke 1","mn":"ADBE Vector Graphic - Stroke","hd":false},{"ty":"tr","p":{"a":0,"k":[0,0],"ix":2},"a":{"a":0,"k":[0,0],"ix":1},"s":{"a":0,"k":[100,100],"ix":3},"r":{"a":0,"k":0,"ix":6},"o":{"a":0,"k":100,"ix":7},"sk":{"a":0,"k":0,"ix":4},"sa":{"a":0,"k":0,"ix":5},"nm":"Transform"}],"nm":"Group 1","np":2,"cix":2,"bm":0,"ix":1,"mn":"ADBE Vector Group","hd":false}],"ip":0,"op":844,"st":0,"bm":0},{"ddd":0,"ind":7,"ty":4,"nm":"Arm-R","parent":5,"sr":1,"ks":{"o":{"a":0,"k":100,"ix":11},"r":{"a":0,"k":0,"ix":10},"p":{"a":0,"k":[187.28,50,0],"ix":2,"l":2},"a":{"a":0,"k":[0,0,0],"ix":1,"l":2},"s":{"a":0,"k":[100,100,100],"ix":6,"l":2}},"ao":0,"shapes":[{"ty":"gr","it":[{"ind":0,"ty":"sh","ix":1,"ks":{"a":1,"k":[{"i":{"x":0.833,"y":0.833},"o":{"x":0.6,"y":0},"t":0,"s":[{"i":[[0,0],[-4.976,-18.13],[-9.728,0.765],[-0.143,0.01],[3.406,12.379],[33.68,15.795]],"o":[[14.316,11.359],[2.58,9.412],[0.143,-0.01],[12.797,-1.009],[-10.034,-36.505],[-7.495,-49.516]],"v":[[-35.22,-6.099],[-5.271,39.145],[15.979,54.012],[16.397,53.981],[34.476,28.163],[-34.893,-54.075]],"c":false}]},{"i":{"x":0.833,"y":0.833},"o":{"x":0.167,"y":0.167},"t":4,"s":[{"i":[[0,0],[-5.302,-17.786],[-9.584,0.965],[-0.141,0.013],[3.628,12.144],[33.68,15.795]],"o":[[14.316,11.359],[2.749,9.233],[0.141,-0.013],[12.608,-1.273],[-10.691,-35.811],[-7.495,-49.516]],"v":[[-35.22,-6.099],[3.379,46.148],[24.673,60.361],[25.085,60.322],[42.37,34.451],[-34.893,-54.075]],"c":false}]},{"i":{"x":0.833,"y":0.833},"o":{"x":0.167,"y":0.167},"t":8.199,"s":[{"i":[[0,0],[-6.781,-16.224],[-8.931,1.874],[-0.131,0.027],[4.639,11.076],[33.68,15.795]],"o":[[14.316,11.359],[3.52,8.42],[0.131,-0.027],[11.748,-2.469],[-13.677,-32.657],[-7.495,-49.516]],"v":[[-35.22,-6.099],[2.444,26.986],[23.933,38.231],[24.317,38.153],[37.994,12.041],[-34.893,-54.075]],"c":false}]},{"i":{"x":0.833,"y":0.833},"o":{"x":0.167,"y":0.167},"t":10.301,"s":[{"i":[[0,0],[-15.998,-9.569],[-6.438,7.221],[-0.094,0.106],[10.93,6.527],[33.68,15.795]],"o":[[14.316,11.359],[8.304,4.967],[0.095,-0.105],[8.468,-9.502],[-32.227,-19.246],[-7.495,-49.516]],"v":[[-35.22,-6.099],[22.62,30.287],[48.031,26.349],[48.309,26.04],[43.537,-4.844],[-34.893,-54.075]],"c":false}]},{"i":{"x":0.833,"y":0.833},"o":{"x":0.167,"y":0.167},"t":12.4,"s":[{"i":[[0,0],[-18.295,-3.175],[-3.403,9.016],[-0.05,0.132],[12.495,2.159],[33.68,15.795]],"o":[[14.316,11.359],[9.496,1.648],[0.051,-0.132],[4.474,-11.863],[-36.845,-6.367],[-7.495,-49.516]],"v":[[-35.22,-6.099],[38.917,11.429],[61.133,-1.32],[61.281,-1.706],[45.799,-28.713],[-34.893,-54.075]],"c":false}]},{"i":{"x":0.833,"y":0.833},"o":{"x":0.167,"y":0.167},"t":18.699,"s":[{"i":[[0,0],[-18.063,5.215],[0.896,9.717],[0.013,0.143],[12.333,-3.57],[8.075,-2.537]],"o":[[55.437,-16.397],[9.376,-2.707],[-0.012,-0.143],[-1.182,-12.782],[-36.366,10.526],[-7.495,-49.516]],"v":[[-35.22,-6.099],[53.153,-29.442],[67.731,-50.892],[67.695,-51.309],[41.634,-69.038],[-34.893,-54.075]],"c":false}]},{"i":{"x":0.4,"y":1},"o":{"x":0.167,"y":0.167},"t":25,"s":[{"i":[[0,0],[-6.638,17.59],[8.319,5.1],[0.122,0.075],[4.525,-12.015],[8.075,-2.537]],"o":[[55.437,-16.397],[3.446,-9.13],[-0.121,-0.076],[-10.946,-6.706],[-13.342,35.43],[-7.495,-49.516]],"v":[[-35.22,-6.099],[39.789,-84.866],[31.337,-109.385],[30.981,-109.606],[1.178,-99.347],[-34.893,-54.075]],"c":false}]},{"i":{"x":0.833,"y":0.833},"o":{"x":0.6,"y":0},"t":45,"s":[{"i":[[0,0],[7.17,17.38],[9.559,-1.96],[0.14,-0.029],[-3.652,-12.309],[-0.497,-8.509]],"o":[[62.479,-27.382],[-3.722,-9.021],[-0.14,0.028],[-12.575,2.581],[4.164,14.035],[-7.495,-49.516]],"v":[[-35.22,-6.099],[-0.439,-113.398],[-23.362,-125.529],[-23.773,-125.447],[-38.527,-97.594],[-34.893,-54.075]],"c":false}]},{"i":{"x":0.4,"y":1},"o":{"x":0.167,"y":0.167},"t":61,"s":[{"i":[[0,0],[-9.255,16.365],[7.439,6.314],[0.109,0.093],[6.313,-11.18],[8.075,-2.537]],"o":[[53.667,-21.645],[4.804,-8.495],[-0.108,-0.093],[-9.789,-8.304],[-18.614,32.967],[-7.495,-49.516]],"v":[[-35.22,-6.099],[42.635,-80.314],[38.04,-105.838],[37.722,-106.111],[6.699,-100.541],[-34.893,-54.075]],"c":false}]},{"i":{"x":0.833,"y":0.833},"o":{"x":0.6,"y":0},"t":77,"s":[{"i":[[0,0],[-17.121,7.767],[2.289,9.486],[0.034,0.139],[11.689,-5.312],[8.075,-2.537]],"o":[[43.753,-12.939],[8.887,-4.031],[-0.033,-0.139],[-3.014,-12.478],[-34.466,15.664],[-7.495,-49.516]],"v":[[-35.22,-6.099],[52.956,-40.916],[64.287,-64.245],[64.191,-64.653],[35.845,-78.435],[-34.893,-54.075]],"c":false}]},{"i":{"x":0.4,"y":1},"o":{"x":0.167,"y":0.167},"t":89,"s":[{"i":[[0,0],[-9.255,16.365],[7.439,6.314],[0.109,0.093],[6.313,-11.18],[8.075,-2.537]],"o":[[53.667,-21.645],[4.804,-8.495],[-0.108,-0.093],[-9.789,-8.304],[-18.614,32.967],[-7.495,-49.516]],"v":[[-35.22,-6.099],[42.635,-80.314],[38.04,-105.838],[37.722,-106.111],[6.699,-100.541],[-34.893,-54.075]],"c":false}]},{"i":{"x":0.833,"y":0.833},"o":{"x":0.6,"y":0},"t":100,"s":[{"i":[[0,0],[7.17,17.38],[9.559,-1.96],[0.14,-0.029],[-3.652,-12.309],[-0.497,-8.509]],"o":[[62.479,-27.382],[-3.722,-9.021],[-0.14,0.028],[-12.575,2.581],[4.164,14.035],[-7.495,-49.516]],"v":[[-35.22,-6.099],[-0.439,-113.398],[-23.362,-125.529],[-23.773,-125.447],[-38.527,-97.594],[-34.893,-54.075]],"c":false}]},{"i":{"x":0.4,"y":1},"o":{"x":0.167,"y":0.167},"t":115.773,"s":[{"i":[[0,0],[-9.255,16.365],[7.439,6.314],[0.109,0.093],[6.313,-11.18],[8.075,-2.537]],"o":[[53.667,-21.645],[4.804,-8.495],[-0.108,-0.093],[-9.789,-8.304],[-18.614,32.967],[-7.495,-49.516]],"v":[[-35.22,-6.099],[42.635,-80.314],[38.04,-105.838],[37.722,-106.111],[6.699,-100.541],[-34.893,-54.075]],"c":false}]},{"i":{"x":0.667,"y":1},"o":{"x":0.6,"y":0},"t":131.934,"s":[{"i":[[0,0],[-17.121,7.767],[2.289,9.486],[0.034,0.139],[11.689,-5.312],[8.075,-2.537]],"o":[[43.753,-12.939],[8.887,-4.031],[-0.033,-0.139],[-3.014,-12.478],[-34.466,15.664],[-7.495,-49.516]],"v":[[-35.22,-6.099],[52.956,-40.916],[64.287,-64.245],[64.191,-64.653],[35.845,-78.435],[-34.893,-54.075]],"c":false}]},{"i":{"x":0.833,"y":0.833},"o":{"x":0.333,"y":0},"t":161.713,"s":[{"i":[[0,0],[-1.819,18.712],[9.362,2.753],[0.137,0.04],[1.233,-12.78],[8.075,-2.537]],"o":[[55.437,-16.397],[0.944,-9.713],[-0.137,-0.041],[-12.316,-3.618],[-3.637,37.684],[-7.495,-49.516]],"v":[[-35.22,-6.099],[20.115,-106.64],[5.559,-128.105],[5.158,-128.225],[-20.937,-110.546],[-34.893,-54.075]],"c":false}]},{"i":{"x":0.833,"y":0.833},"o":{"x":0.167,"y":0.167},"t":166.459,"s":[{"i":[[0,0],[-6.638,17.59],[8.319,5.1],[0.122,0.075],[4.525,-12.015],[8.075,-2.537]],"o":[[55.437,-16.397],[3.446,-9.13],[-0.121,-0.076],[-10.946,-6.706],[-13.342,35.43],[-7.495,-49.516]],"v":[[-35.22,-6.099],[39.789,-84.866],[31.337,-109.385],[30.981,-109.606],[1.178,-99.347],[-34.893,-54.075]],"c":false}]},{"i":{"x":0.833,"y":0.833},"o":{"x":0.167,"y":0.167},"t":169.623,"s":[{"i":[[0,0],[-18.063,5.215],[0.896,9.717],[0.013,0.143],[12.333,-3.57],[8.075,-2.537]],"o":[[55.437,-16.397],[9.376,-2.707],[-0.012,-0.143],[-1.182,-12.782],[-36.366,10.526],[-7.495,-49.516]],"v":[[-35.22,-6.099],[53.153,-29.442],[67.731,-50.892],[67.695,-51.309],[41.634,-69.038],[-34.893,-54.075]],"c":false}]},{"i":{"x":0.833,"y":0.833},"o":{"x":0.167,"y":0.167},"t":172.789,"s":[{"i":[[0,0],[-18.295,-3.175],[-3.403,9.016],[-0.05,0.132],[12.495,2.159],[33.68,15.795]],"o":[[14.316,11.359],[9.496,1.648],[0.051,-0.132],[4.474,-11.863],[-36.845,-6.367],[-7.495,-49.516]],"v":[[-35.22,-6.099],[38.917,11.429],[61.133,-1.32],[61.281,-1.706],[45.799,-28.713],[-34.893,-54.075]],"c":false}]},{"i":{"x":0.833,"y":0.833},"o":{"x":0.167,"y":0.167},"t":175.16,"s":[{"i":[[0,0],[-15.998,-9.569],[-6.438,7.221],[-0.094,0.106],[10.93,6.527],[33.68,15.795]],"o":[[14.316,11.359],[8.304,4.967],[0.095,-0.105],[8.468,-9.502],[-32.227,-19.246],[-7.495,-49.516]],"v":[[-35.22,-6.099],[22.62,30.287],[48.031,26.349],[48.309,26.04],[43.537,-4.844],[-34.893,-54.075]],"c":false}]},{"i":{"x":0.833,"y":0.833},"o":{"x":0.167,"y":0.167},"t":177.533,"s":[{"i":[[0,0],[-6.781,-16.224],[-8.931,1.874],[-0.131,0.027],[4.639,11.076],[33.68,15.795]],"o":[[14.316,11.359],[3.52,8.42],[0.131,-0.027],[11.748,-2.469],[-13.677,-32.657],[-7.495,-49.516]],"v":[[-35.22,-6.099],[2.444,26.986],[23.933,38.231],[24.317,38.153],[37.994,12.041],[-34.893,-54.075]],"c":false}]},{"i":{"x":0.667,"y":1},"o":{"x":0.167,"y":0.167},"t":179.818,"s":[{"i":[[0,0],[-5.302,-17.786],[-9.584,0.965],[-0.141,0.013],[3.628,12.144],[33.68,15.795]],"o":[[14.316,11.359],[2.749,9.233],[0.141,-0.013],[12.608,-1.273],[-10.691,-35.811],[-7.495,-49.516]],"v":[[-35.22,-6.099],[3.379,46.148],[24.673,60.361],[25.085,60.322],[42.37,34.451],[-34.893,-54.075]],"c":false}]},{"i":{"x":0.667,"y":1},"o":{"x":0.333,"y":0},"t":184.123,"s":[{"i":[[0,0],[-0.2,-18.799],[-9.603,-1.732],[-0.141,-0.025],[0.146,12.838],[27.951,18.517]],"o":[[5.671,10.854],[0.104,9.758],[0.141,0.026],[12.634,2.275],[-0.429,-37.856],[-7.495,-49.516]],"v":[[-35.22,-6.099],[-20.887,41.813],[-4.112,61.591],[-3.699,61.668],[20.346,41.29],[-34.893,-54.075]],"c":false}]},{"t":197,"s":[{"i":[[0,0],[-4.976,-18.13],[-9.728,0.765],[-0.143,0.01],[3.406,12.379],[33.68,15.795]],"o":[[14.316,11.359],[2.58,9.412],[0.143,-0.01],[12.797,-1.009],[-10.034,-36.505],[-7.495,-49.516]],"v":[[-35.22,-6.099],[-5.271,39.145],[15.979,54.012],[16.397,53.981],[34.476,28.163],[-34.893,-54.075]],"c":false}]}],"ix":2},"nm":"Path 1","mn":"ADBE Vector Shape - Group","hd":false},{"ty":"st","c":{"a":0,"k":[0.070588238537,0.074509806931,0.192156866193,1],"ix":3,"x":"var $bm_rt;\n$bm_rt = thisComp.layer('Color  & Stroke Change').effect('Primary')('Color');"},"o":{"a":0,"k":100,"ix":4},"w":{"a":0,"k":12,"ix":5,"x":"var $bm_rt;\n$bm_rt = $bm_mul(17.2 / 100, thisComp.layer('Color  & Stroke Change').effect('Stroke')('Slider'));"},"lc":2,"lj":2,"bm":0,"nm":"Stroke 1","mn":"ADBE Vector Graphic - Stroke","hd":false},{"ty":"tr","p":{"a":0,"k":[0,0],"ix":2},"a":{"a":0,"k":[0,0],"ix":1},"s":{"a":0,"k":[100,100],"ix":3},"r":{"a":0,"k":0,"ix":6},"o":{"a":0,"k":100,"ix":7},"sk":{"a":0,"k":0,"ix":4},"sa":{"a":0,"k":0,"ix":5},"nm":"Transform"}],"nm":"Group 1","np":2,"cix":2,"bm":0,"ix":1,"mn":"ADBE Vector Group","hd":false}],"ip":0,"op":844,"st":0,"bm":0},{"ddd":0,"ind":8,"ty":4,"nm":"Face","parent":4,"sr":1,"ks":{"o":{"a":0,"k":100,"ix":11},"r":{"a":1,"k":[{"i":{"x":[0.4],"y":[1]},"o":{"x":[0.333],"y":[0]},"t":0,"s":[0]},{"i":{"x":[0.4],"y":[1]},"o":{"x":[0.6],"y":[0]},"t":24,"s":[-20]},{"i":{"x":[0.4],"y":[1]},"o":{"x":[0.6],"y":[0]},"t":54,"s":[-11]},{"i":{"x":[0.4],"y":[1]},"o":{"x":[0.6],"y":[0]},"t":86,"s":[-20]},{"i":{"x":[0.4],"y":[1]},"o":{"x":[0.6],"y":[0]},"t":110.387,"s":[-11]},{"i":{"x":[0.667],"y":[1]},"o":{"x":[0.6],"y":[0]},"t":146.146,"s":[-20]},{"i":{"x":[0.667],"y":[1]},"o":{"x":[0.333],"y":[0]},"t":180.607,"s":[6]},{"t":197,"s":[0]}],"ix":10},"p":{"a":1,"k":[{"i":{"x":0.4,"y":1},"o":{"x":0.333,"y":0},"t":0,"s":[60,66.672,0],"to":[-2.167,-0.25,0],"ti":[-0.417,0.583,0]},{"i":{"x":0.4,"y":1},"o":{"x":0.6,"y":0},"t":24,"s":[47,65.172,0],"to":[0.417,-0.583,0],"ti":[0,0,0]},{"i":{"x":0.4,"y":1},"o":{"x":0.6,"y":0},"t":54,"s":[62.5,63.172,0],"to":[0,0,0],"ti":[0,0,0]},{"i":{"x":0.4,"y":1},"o":{"x":0.6,"y":0},"t":86,"s":[47,65.172,0],"to":[0,0,0],"ti":[0,0,0]},{"i":{"x":0.4,"y":1},"o":{"x":0.6,"y":0},"t":110.387,"s":[62.5,63.172,0],"to":[0,0,0],"ti":[-0.292,-0.771,0]},{"i":{"x":0.667,"y":1},"o":{"x":0.6,"y":0},"t":146.146,"s":[47,65.172,0],"to":[0.292,0.771,0],"ti":[-0.75,-0.5,0]},{"i":{"x":0.667,"y":1},"o":{"x":0.333,"y":0},"t":180.607,"s":[64.25,67.797,0],"to":[-0.5,0.156,0],"ti":[0.708,0.188,0]},{"t":197,"s":[60,66.672,0]}],"ix":2,"l":2},"a":{"a":0,"k":[250,256.672,0],"ix":1,"l":2},"s":{"a":0,"k":[100,100,100],"ix":6,"l":2}},"ao":0,"shapes":[{"ty":"gr","it":[{"ind":0,"ty":"sh","ix":1,"ks":{"a":1,"k":[{"i":{"x":0.667,"y":1},"o":{"x":0.333,"y":0},"t":21.5,"s":[{"i":[[0,-11.318],[-11.319,0],[0,11.318],[11.319,0]],"o":[[0,11.318],[11.319,0],[0,-11.318],[-11.319,0]],"v":[[17.814,-117.287],[38.308,-96.793],[58.802,-117.287],[38.308,-137.781]],"c":true}]},{"i":{"x":0.667,"y":1},"o":{"x":0.333,"y":0},"t":30,"s":[{"i":[[0.618,6.967],[-11.319,0],[-0.656,7.798],[11.319,0]],"o":[[0.491,7.301],[11.319,0],[-0.605,7.774],[-11.319,0]],"v":[[17.814,-117.287],[39.786,-103.384],[58.802,-117.287],[39.635,-103.564]],"c":true}]},{"i":{"x":0.833,"y":1},"o":{"x":0.167,"y":0},"t":38.5,"s":[{"i":[[0,-11.318],[-11.319,0],[0,11.318],[11.319,0]],"o":[[0,11.318],[11.319,0],[0,-11.318],[-11.319,0]],"v":[[17.814,-117.287],[38.308,-96.793],[58.802,-117.287],[38.308,-137.781]],"c":true}]},{"i":{"x":0.667,"y":1},"o":{"x":0.333,"y":0},"t":88.5,"s":[{"i":[[0,-11.318],[-11.319,0],[0,11.318],[11.319,0]],"o":[[0,11.318],[11.319,0],[0,-11.318],[-11.319,0]],"v":[[17.814,-117.287],[38.308,-96.793],[58.802,-117.287],[38.308,-137.781]],"c":true}]},{"i":{"x":0.667,"y":1},"o":{"x":0.333,"y":0},"t":97,"s":[{"i":[[0.618,6.967],[-11.319,0],[-0.656,7.798],[11.318,0]],"o":[[0.491,7.301],[11.319,0],[-0.605,7.774],[-11.319,0]],"v":[[17.814,-117.287],[39.786,-103.384],[58.802,-117.287],[39.635,-103.564]],"c":true}]},{"i":{"x":0.833,"y":1},"o":{"x":0.167,"y":0},"t":105.5,"s":[{"i":[[0,-11.318],[-11.319,0],[0,11.318],[11.319,0]],"o":[[0,11.318],[11.319,0],[0,-11.318],[-11.319,0]],"v":[[17.814,-117.287],[38.308,-96.793],[58.802,-117.287],[38.308,-137.781]],"c":true}]},{"i":{"x":0.667,"y":1},"o":{"x":0.333,"y":0},"t":161.5,"s":[{"i":[[0,-11.318],[-11.319,0],[0,11.318],[11.319,0]],"o":[[0,11.318],[11.319,0],[0,-11.318],[-11.319,0]],"v":[[17.814,-117.287],[38.308,-96.793],[58.802,-117.287],[38.308,-137.781]],"c":true}]},{"i":{"x":0.667,"y":1},"o":{"x":0.333,"y":0},"t":170,"s":[{"i":[[0.618,6.967],[-11.319,0],[-0.656,7.798],[11.318,0]],"o":[[0.491,7.301],[11.319,0],[-0.605,7.774],[-11.319,0]],"v":[[17.814,-117.287],[39.786,-103.384],[58.802,-117.287],[39.635,-103.564]],"c":true}]},{"t":178.5,"s":[{"i":[[0,-11.318],[-11.319,0],[0,11.318],[11.319,0]],"o":[[0,11.318],[11.319,0],[0,-11.318],[-11.319,0]],"v":[[17.814,-117.287],[38.308,-96.793],[58.802,-117.287],[38.308,-137.781]],"c":true}]}],"ix":2},"nm":"Path 2","mn":"ADBE Vector Shape - Group","hd":false},{"ind":1,"ty":"sh","ix":2,"ks":{"a":1,"k":[{"i":{"x":0.667,"y":1},"o":{"x":0.333,"y":0},"t":26,"s":[{"i":[[0,-14.968],[-14.968,0],[0,14.968],[14.968,0]],"o":[[0,14.968],[14.968,0],[0,-14.968],[-14.968,0]],"v":[[-62.881,-123.895],[-35.779,-96.793],[-8.676,-123.895],[-35.779,-150.998]],"c":true}]},{"i":{"x":0.667,"y":1},"o":{"x":0.333,"y":0},"t":34.5,"s":[{"i":[[-0.047,8.699],[-14.968,0],[0,8.436],[14.968,0]],"o":[[0,8.436],[14.968,0],[0.146,8.471],[-14.968,0]],"v":[[-62.881,-123.895],[-35.853,-105.344],[-8.676,-123.895],[-35.74,-106.003]],"c":true}]},{"i":{"x":0.833,"y":1},"o":{"x":0.167,"y":0},"t":43,"s":[{"i":[[0,-14.968],[-14.968,0],[0,14.968],[14.968,0]],"o":[[0,14.968],[14.968,0],[0,-14.968],[-14.968,0]],"v":[[-62.881,-123.895],[-35.779,-96.793],[-8.676,-123.895],[-35.779,-150.998]],"c":true}]},{"i":{"x":0.667,"y":1},"o":{"x":0.333,"y":0},"t":93,"s":[{"i":[[0,-14.968],[-14.968,0],[0,14.968],[14.968,0]],"o":[[0,14.968],[14.968,0],[0,-14.968],[-14.968,0]],"v":[[-62.881,-123.895],[-35.779,-96.793],[-8.676,-123.895],[-35.779,-150.998]],"c":true}]},{"i":{"x":0.667,"y":1},"o":{"x":0.333,"y":0},"t":101.5,"s":[{"i":[[-0.047,8.699],[-14.968,0],[0,8.436],[14.968,0]],"o":[[0,8.436],[14.968,0],[0.146,8.471],[-14.968,0]],"v":[[-62.881,-123.895],[-35.853,-105.344],[-8.676,-123.895],[-35.74,-106.003]],"c":true}]},{"i":{"x":0.833,"y":1},"o":{"x":0.167,"y":0},"t":110,"s":[{"i":[[0,-14.968],[-14.968,0],[0,14.968],[14.968,0]],"o":[[0,14.968],[14.968,0],[0,-14.968],[-14.968,0]],"v":[[-62.881,-123.895],[-35.779,-96.793],[-8.676,-123.895],[-35.779,-150.998]],"c":true}]},{"i":{"x":0.667,"y":1},"o":{"x":0.333,"y":0},"t":166,"s":[{"i":[[0,-14.968],[-14.968,0],[0,14.968],[14.968,0]],"o":[[0,14.968],[14.968,0],[0,-14.968],[-14.968,0]],"v":[[-62.881,-123.895],[-35.779,-96.793],[-8.676,-123.895],[-35.779,-150.998]],"c":true}]},{"i":{"x":0.667,"y":1},"o":{"x":0.333,"y":0},"t":174.5,"s":[{"i":[[-0.047,8.699],[-14.968,0],[0,8.436],[14.968,0]],"o":[[0,8.436],[14.968,0],[0.146,8.471],[-14.968,0]],"v":[[-62.881,-123.895],[-35.853,-105.344],[-8.676,-123.895],[-35.74,-106.003]],"c":true}]},{"t":183,"s":[{"i":[[0,-14.968],[-14.968,0],[0,14.968],[14.968,0]],"o":[[0,14.968],[14.968,0],[0,-14.968],[-14.968,0]],"v":[[-62.881,-123.895],[-35.779,-96.793],[-8.676,-123.895],[-35.779,-150.998]],"c":true}]}],"ix":2},"nm":"Path 3","mn":"ADBE Vector Shape - Group","hd":false},{"ty":"st","c":{"a":0,"k":[0.070588238537,0.074509806931,0.192156866193,1],"ix":3,"x":"var $bm_rt;\n$bm_rt = thisComp.layer('Color  & Stroke Change').effect('Primary')('Color');"},"o":{"a":0,"k":100,"ix":4},"w":{"a":0,"k":12,"ix":5,"x":"var $bm_rt;\n$bm_rt = $bm_mul(17.2 / 100, thisComp.layer('Color  & Stroke Change').effect('Stroke')('Slider'));"},"lc":2,"lj":2,"bm":0,"nm":"Stroke 1","mn":"ADBE Vector Graphic - Stroke","hd":false},{"ty":"tr","p":{"a":0,"k":[250,342.004],"ix":2},"a":{"a":0,"k":[0,0],"ix":1},"s":{"a":0,"k":[100,100],"ix":3},"r":{"a":0,"k":0,"ix":6},"o":{"a":0,"k":100,"ix":7},"sk":{"a":0,"k":0,"ix":4},"sa":{"a":0,"k":0,"ix":5},"nm":"Transform"}],"nm":"Group 7","np":3,"cix":2,"bm":0,"ix":1,"mn":"ADBE Vector Group","hd":false},{"ty":"gr","it":[{"ty":"gr","it":[{"ind":0,"ty":"sh","ix":1,"ks":{"a":0,"k":{"i":[[0,0],[0,0]],"o":[[0,0],[0,0]],"v":[[-12.543,93.049],[-12.543,93.049]],"c":false},"ix":2},"nm":"Path 1","mn":"ADBE Vector Shape - Group","hd":false},{"ty":"st","c":{"a":0,"k":[0.031372550875,0.658823549747,0.541176497936,1],"ix":3,"x":"var $bm_rt;\n$bm_rt = thisComp.layer('Color  & Stroke Change').effect('Secondary')('Color');"},"o":{"a":0,"k":100,"ix":4},"w":{"a":0,"k":12,"ix":5,"x":"var $bm_rt;\n$bm_rt = $bm_mul(17.2 / 100, thisComp.layer('Color  & Stroke Change').effect('Stroke')('Slider'));"},"lc":2,"lj":2,"bm":0,"nm":"Stroke 1","mn":"ADBE Vector Graphic - Stroke","hd":false},{"ty":"tr","p":{"a":0,"k":[300.851,131.668],"ix":2},"a":{"a":0,"k":[0,0],"ix":1},"s":{"a":0,"k":[100,100],"ix":3},"r":{"a":0,"k":0,"ix":6},"o":{"a":1,"k":[{"t":21.5,"s":[100],"h":1},{"t":26.5,"s":[0],"h":1},{"t":34.5,"s":[100],"h":1},{"t":88.5,"s":[100],"h":1},{"t":93.5,"s":[0],"h":1},{"t":101.5,"s":[100],"h":1},{"t":161.5,"s":[100],"h":1},{"t":166.5,"s":[0],"h":1},{"t":174.5,"s":[100],"h":1}],"ix":7},"sk":{"a":0,"k":0,"ix":4},"sa":{"a":0,"k":0,"ix":5},"nm":"Transform"}],"nm":"R","np":2,"cix":2,"bm":0,"ix":1,"mn":"ADBE Vector Group","hd":false},{"ty":"gr","it":[{"ind":0,"ty":"sh","ix":1,"ks":{"a":0,"k":{"i":[[0,0],[0,0]],"o":[[0,0],[0,0]],"v":[[-86.63,86.441],[-86.63,86.441]],"c":false},"ix":2},"nm":"Path 2","mn":"ADBE Vector Shape - Group","hd":false},{"ty":"st","c":{"a":0,"k":[0.031372550875,0.658823549747,0.541176497936,1],"ix":3,"x":"var $bm_rt;\n$bm_rt = thisComp.layer('Color  & Stroke Change').effect('Secondary')('Color');"},"o":{"a":0,"k":100,"ix":4},"w":{"a":0,"k":12,"ix":5,"x":"var $bm_rt;\n$bm_rt = $bm_mul(17.2 / 100, thisComp.layer('Color  & Stroke Change').effect('Stroke')('Slider'));"},"lc":2,"lj":2,"bm":0,"nm":"Stroke 1","mn":"ADBE Vector Graphic - Stroke","hd":false},{"ty":"tr","p":{"a":0,"k":[300.851,131.668],"ix":2},"a":{"a":0,"k":[0,0],"ix":1},"s":{"a":0,"k":[100,100],"ix":3},"r":{"a":0,"k":0,"ix":6},"o":{"a":1,"k":[{"t":26,"s":[100],"h":1},{"t":31,"s":[0],"h":1},{"t":39,"s":[100],"h":1},{"t":93,"s":[100],"h":1},{"t":98,"s":[0],"h":1},{"t":106,"s":[100],"h":1},{"t":166,"s":[100],"h":1},{"t":171,"s":[0],"h":1},{"t":179,"s":[100],"h":1}],"ix":7},"sk":{"a":0,"k":0,"ix":4},"sa":{"a":0,"k":0,"ix":5},"nm":"Transform"}],"nm":"L","np":2,"cix":2,"bm":0,"ix":2,"mn":"ADBE Vector Group","hd":false},{"ty":"gr","it":[{"ind":0,"ty":"sh","ix":1,"ks":{"a":0,"k":{"i":[[0,0],[-9.436,0],[0,9.436]],"o":[[0,9.436],[9.436,0],[0,0]],"v":[[-67.931,138.059],[-50.851,155.139],[-33.772,138.059]],"c":false},"ix":2},"nm":"Path 3","mn":"ADBE Vector Shape - Group","hd":false},{"ty":"st","c":{"a":0,"k":[0.031372550875,0.658823549747,0.541176497936,1],"ix":3,"x":"var $bm_rt;\n$bm_rt = thisComp.layer('Color  & Stroke Change').effect('Secondary')('Color');"},"o":{"a":0,"k":100,"ix":4},"w":{"a":0,"k":12,"ix":5,"x":"var $bm_rt;\n$bm_rt = $bm_mul(17.2 / 100, thisComp.layer('Color  & Stroke Change').effect('Stroke')('Slider'));"},"lc":2,"lj":2,"bm":0,"nm":"Stroke 1","mn":"ADBE Vector Graphic - Stroke","hd":false},{"ty":"tr","p":{"a":0,"k":[300.851,131.668],"ix":2},"a":{"a":0,"k":[0,0],"ix":1},"s":{"a":0,"k":[100,100],"ix":3},"r":{"a":0,"k":0,"ix":6},"o":{"a":0,"k":100,"ix":7},"sk":{"a":0,"k":0,"ix":4},"sa":{"a":0,"k":0,"ix":5},"nm":"Transform"}],"nm":"Group 1","np":2,"cix":2,"bm":0,"ix":3,"mn":"ADBE Vector Group","hd":false},{"ty":"tr","p":{"a":0,"k":[199.149,131.668],"ix":2},"a":{"a":0,"k":[199.149,131.668],"ix":1},"s":{"a":0,"k":[100,100],"ix":3},"r":{"a":0,"k":0,"ix":6},"o":{"a":0,"k":100,"ix":7},"sk":{"a":0,"k":0,"ix":4},"sa":{"a":0,"k":0,"ix":5},"nm":"Transform"}],"nm":"Group 8","np":3,"cix":2,"bm":0,"ix":2,"mn":"ADBE Vector Group","hd":false}],"ip":0,"op":844,"st":0,"bm":0},{"ddd":0,"ind":9,"ty":4,"nm":"Body","parent":4,"sr":1,"ks":{"o":{"a":0,"k":100,"ix":11},"r":{"a":0,"k":0,"ix":10},"p":{"a":0,"k":[60,66.672,0],"ix":2,"l":2},"a":{"a":0,"k":[250,256.672,0],"ix":1,"l":2},"s":{"a":0,"k":[100,100,100],"ix":6,"l":2}},"ao":0,"shapes":[{"ty":"gr","it":[{"ind":0,"ty":"sh","ix":1,"ks":{"a":1,"k":[{"i":{"x":0.4,"y":1},"o":{"x":0.333,"y":0},"t":0,"s":[{"i":[[33.68,15.795],[52.116,0],[7.495,-49.516]],"o":[[-7.495,-49.516],[-52.116,0],[-33.68,15.795]],"v":[[102.387,-116.092],[0,-203.999],[-102.387,-116.092]],"c":false}]},{"i":{"x":0.4,"y":1},"o":{"x":0.6,"y":0},"t":20,"s":[{"i":[[36.308,8.099],[50.871,-11.325],[-3.445,-49.962]],"o":[[-18.076,-46.704],[-50.871,11.325],[-29.443,22.737]],"v":[[74.887,-131.842],[-46.156,-199.4],[-125.743,-92.593]],"c":false}]},{"i":{"x":0.4,"y":1},"o":{"x":0.6,"y":0},"t":50,"s":[{"i":[[34.362,14.153],[52.005,-2.488],[5.115,-49.768]],"o":[[-9.843,-49.052],[-52.005,2.488],[-32.854,17.369]],"v":[[96.528,-120.775],[-9.836,-203.606],[-107.807,-110.999]],"c":false}]},{"i":{"x":0.4,"y":1},"o":{"x":0.6,"y":0},"t":82,"s":[{"i":[[36.308,8.099],[50.871,-11.325],[-3.445,-49.962]],"o":[[-18.076,-46.704],[-50.871,11.325],[-29.443,22.737]],"v":[[74.887,-131.842],[-46.156,-199.4],[-125.743,-92.593]],"c":false}]},{"i":{"x":0.4,"y":1},"o":{"x":0.681,"y":0},"t":105,"s":[{"i":[[34.362,14.153],[52.005,-2.488],[5.115,-49.768]],"o":[[-9.843,-49.052],[-52.005,2.488],[-32.854,17.369]],"v":[[96.528,-120.775],[-9.836,-203.606],[-107.807,-110.999]],"c":false}]},{"i":{"x":0.667,"y":1},"o":{"x":0.6,"y":0},"t":138.666,"s":[{"i":[[36.308,8.099],[50.871,-11.325],[-3.445,-49.962]],"o":[[-18.076,-46.704],[-50.871,11.325],[-29.443,22.737]],"v":[[74.887,-131.842],[-46.156,-199.4],[-125.743,-92.593]],"c":false}]},{"i":{"x":0.667,"y":1},"o":{"x":0.333,"y":0},"t":174.645,"s":[{"i":[[33.227,16.727],[52.096,1.451],[8.871,-49.288]],"o":[[-6.113,-49.706],[-52.096,-1.451],[-34.107,14.851]],"v":[[106.428,-113.114],[6.529,-203.839],[-98.266,-118.816]],"c":false}]},{"t":197,"s":[{"i":[[33.68,15.795],[52.116,0],[7.495,-49.516]],"o":[[-7.495,-49.516],[-52.116,0],[-33.68,15.795]],"v":[[102.387,-116.092],[0,-203.999],[-102.387,-116.092]],"c":false}]}],"ix":2},"nm":"Path 4","mn":"ADBE Vector Shape - Group","hd":false},{"ind":1,"ty":"sh","ix":2,"ks":{"a":1,"k":[{"i":{"x":0.4,"y":1},"o":{"x":0.333,"y":0},"t":0,"s":[{"i":[[-14.316,11.359],[0,0],[-14.745,0],[0,0],[0.082,15.346],[0,0],[-15.357,0],[0,0],[-0.133,-15.193],[0,0],[-15.193,0],[-0.734,14.735],[0,0]],"o":[[0,0],[0.734,14.735],[0,0],[15.346,0],[0,0],[-0.092,-15.357],[0,0],[15.193,0],[0,0],[0.133,15.193],[14.745,0],[0,0],[14.316,11.359]],"v":[[-102.061,-68.115],[-96.554,41.817],[-68.911,68.115],[-68.309,68.115],[-40.624,40.278],[-40.726,22.484],[-13.042,-5.364],[13.378,-5.364],[41.063,22.076],[41.226,40.675],[68.911,68.115],[96.554,41.817],[102.061,-68.115]],"c":false}]},{"i":{"x":0.4,"y":1},"o":{"x":0.6,"y":0},"t":20,"s":[{"i":[[-0.623,0.316],[0,0],[-14.745,0],[0,0],[1.874,15.718],[0,0],[-11.051,0.876],[0,0],[-1.331,-15.136],[0,0],[-15.193,0],[1.196,14.929],[0,0]],"o":[[0,0],[2.304,13.429],[0,0],[15.346,0],[0,0],[-0.952,-11.172],[0,0],[14.976,-1.187],[0,0],[0.133,15.193],[14.745,0],[0,0],[0.879,3.287]],"v":[[-114.989,-46.182],[-96.554,41.817],[-68.911,68.115],[-68.309,68.115],[-40.624,40.278],[-42.317,17.601],[-24,-4.245],[9.165,-6.309],[38.62,18.883],[41.226,40.675],[68.911,68.115],[96.304,40.067],[84.982,-85.14]],"c":false}]},{"i":{"x":0.4,"y":1},"o":{"x":0.6,"y":0},"t":50,"s":[{"i":[[-7.028,5.437],[0,0],[-14.745,0],[0,0],[0.082,15.346],[0,0],[-14.135,0.389],[0,0],[-0.551,-15.179],[0,0],[-15.193,0],[-0.734,14.735],[0,0]],"o":[[0,0],[0.734,14.735],[0,0],[15.346,0],[0,0],[-0.478,-14.218],[0,0],[15.092,-0.415],[0,0],[0.133,15.193],[14.745,0],[0,0],[6.979,7.091]],"v":[[-104.615,-64.992],[-96.554,41.817],[-68.911,68.115],[-68.309,68.115],[-40.624,40.278],[-41.02,21.495],[-16.25,-4.994],[11.991,-5.716],[40.248,20.948],[41.226,40.675],[68.911,68.115],[96.554,41.817],[99.331,-71.179]],"c":false}]},{"i":{"x":0.4,"y":1},"o":{"x":0.6,"y":0},"t":82,"s":[{"i":[[-0.623,0.316],[0,0],[-14.745,0],[0,0],[1.874,15.718],[0,0],[-11.051,0.876],[0,0],[-1.331,-15.136],[0,0],[-15.193,0],[1.196,14.929],[0,0]],"o":[[0,0],[2.304,13.429],[0,0],[15.346,0],[0,0],[-0.952,-11.172],[0,0],[14.976,-1.187],[0,0],[0.133,15.193],[14.745,0],[0,0],[0.879,3.287]],"v":[[-114.989,-46.182],[-96.554,41.817],[-68.911,68.115],[-68.309,68.115],[-40.624,40.278],[-42.317,17.601],[-24,-4.245],[9.165,-6.309],[38.62,18.883],[41.226,40.675],[68.911,68.115],[96.304,40.067],[84.982,-85.14]],"c":false}]},{"i":{"x":0.4,"y":1},"o":{"x":0.681,"y":0},"t":105,"s":[{"i":[[-7.028,5.437],[0,0],[-14.745,0],[0,0],[0.082,15.346],[0,0],[-14.135,0.389],[0,0],[-0.551,-15.179],[0,0],[-15.193,0],[-0.734,14.735],[0,0]],"o":[[0,0],[0.734,14.735],[0,0],[15.346,0],[0,0],[-0.478,-14.218],[0,0],[15.092,-0.415],[0,0],[0.133,15.193],[14.745,0],[0,0],[6.979,7.091]],"v":[[-104.615,-64.992],[-96.554,41.817],[-68.911,68.115],[-68.309,68.115],[-40.624,40.278],[-41.02,21.495],[-16.25,-4.994],[11.991,-5.716],[40.248,20.948],[41.226,40.675],[68.911,68.115],[96.554,41.817],[99.331,-71.179]],"c":false}]},{"i":{"x":0.667,"y":1},"o":{"x":0.6,"y":0},"t":138.666,"s":[{"i":[[-0.623,0.316],[0,0],[-14.745,0],[0,0],[1.874,15.718],[0,0],[-11.051,0.876],[0,0],[-1.331,-15.136],[0,0],[-15.193,0],[1.196,14.929],[0,0]],"o":[[0,0],[2.304,13.429],[0,0],[15.346,0],[0,0],[-0.952,-11.172],[0,0],[14.976,-1.187],[0,0],[0.133,15.193],[14.745,0],[0,0],[0.879,3.287]],"v":[[-114.989,-46.182],[-96.554,41.817],[-68.911,68.115],[-68.309,68.115],[-40.624,40.278],[-42.317,17.601],[-24,-4.245],[9.165,-6.309],[38.62,18.883],[41.226,40.675],[68.911,68.115],[96.304,40.067],[84.982,-85.14]],"c":false}]},{"i":{"x":0.667,"y":1},"o":{"x":0.333,"y":0},"t":174.645,"s":[{"i":[[-14.491,11.135],[0,0],[-14.745,0],[0,0],[0.082,15.346],[0,0],[-15.347,-0.552],[0,0],[0.413,-15.188],[0,0],[-15.193,0],[-0.734,14.735],[0,0]],"o":[[0,0],[0.734,14.735],[0,0],[15.346,0],[0,0],[0.46,-15.35],[0,0],[15.184,0.546],[0,0],[0.133,15.193],[14.745,0],[0,0],[14.138,11.58]],"v":[[-100.687,-69.667],[-96.554,41.817],[-68.911,68.115],[-68.309,68.115],[-40.624,40.278],[-39.928,21.089],[-11.262,-5.746],[15.141,-4.797],[41.823,23.619],[41.226,40.675],[68.911,68.115],[96.554,41.817],[103.41,-66.495]],"c":false}]},{"t":197,"s":[{"i":[[-14.316,11.359],[0,0],[-14.745,0],[0,0],[0.082,15.346],[0,0],[-15.357,0],[0,0],[-0.133,-15.193],[0,0],[-15.193,0],[-0.734,14.735],[0,0]],"o":[[0,0],[0.734,14.735],[0,0],[15.346,0],[0,0],[-0.092,-15.357],[0,0],[15.193,0],[0,0],[0.133,15.193],[14.745,0],[0,0],[14.316,11.359]],"v":[[-102.061,-68.115],[-96.554,41.817],[-68.911,68.115],[-68.309,68.115],[-40.624,40.278],[-40.726,22.484],[-13.042,-5.364],[13.378,-5.364],[41.063,22.076],[41.226,40.675],[68.911,68.115],[96.554,41.817],[102.061,-68.115]],"c":false}]}],"ix":2},"nm":"Path 1","mn":"ADBE Vector Shape - Group","hd":false},{"ty":"st","c":{"a":0,"k":[0.070588238537,0.074509806931,0.192156866193,1],"ix":3,"x":"var $bm_rt;\n$bm_rt = thisComp.layer('Color  & Stroke Change').effect('Primary')('Color');"},"o":{"a":0,"k":100,"ix":4},"w":{"a":0,"k":12,"ix":5,"x":"var $bm_rt;\n$bm_rt = $bm_mul(17.2 / 100, thisComp.layer('Color  & Stroke Change').effect('Stroke')('Slider'));"},"lc":2,"lj":2,"bm":0,"nm":"Stroke 1","mn":"ADBE Vector Graphic - Stroke","hd":false},{"ty":"tr","p":{"a":0,"k":[250,342.004],"ix":2},"a":{"a":0,"k":[0,0],"ix":1},"s":{"a":0,"k":[100,100],"ix":3},"r":{"a":0,"k":0,"ix":6},"o":{"a":0,"k":100,"ix":7},"sk":{"a":0,"k":0,"ix":4},"sa":{"a":0,"k":0,"ix":5},"nm":"Transform"}],"nm":"Group 7","np":3,"cix":2,"bm":0,"ix":1,"mn":"ADBE Vector Group","hd":false},{"ty":"gr","it":[{"ty":"gr","it":[{"ind":0,"ty":"sh","ix":1,"ks":{"a":1,"k":[{"i":{"x":0.4,"y":1},"o":{"x":0.333,"y":0},"t":0,"s":[{"i":[[0,0],[-0.153,0.357],[12.104,9.962],[-5.394,-2.274],[7.821,-18.538],[1.315,-1.948]],"o":[[0.153,-0.337],[6.404,-15.193],[5.476,-0.367],[18.538,7.821],[-0.948,2.254],[0,0]],"v":[[-9.483,14.923],[-9.024,13.883],[-19.404,-28.363],[-2.875,-25.579],[16.53,22.142],[13.114,28.444]],"c":false}]},{"i":{"x":0.4,"y":1},"o":{"x":0.6,"y":0},"t":20,"s":[{"i":[[0,0],[-0.069,0.382],[13.979,7.094],[-5.759,-1.049],[3.588,-19.798],[0.861,-2.187]],"o":[[0.076,-0.362],[2.949,-16.222],[5.265,-1.548],[19.795,3.606],[-0.436,2.406],[0,0]],"v":[[-54.761,10.327],[-54.539,9.212],[-73.852,-29.768],[-57.113,-30.643],[-27.802,11.722],[-29.767,18.615]],"c":false}]},{"i":{"x":0.4,"y":1},"o":{"x":0.6,"y":0},"t":50,"s":[{"i":[[0,0],[-0.134,0.364],[12.553,9.363],[-5.491,-2.012],[6.91,-18.875],[1.22,-2.006]],"o":[[0.137,-0.343],[5.665,-15.467],[5.447,-0.628],[18.872,6.919],[-0.839,2.294],[0,0]],"v":[[-18.998,13.323],[-18.589,12.263],[-30.964,-29.397],[-14.338,-27.408],[7.304,19.285],[4.196,25.736]],"c":false}]},{"i":{"x":0.4,"y":1},"o":{"x":0.6,"y":0},"t":82,"s":[{"i":[[0,0],[-0.069,0.382],[13.979,7.094],[-5.759,-1.049],[3.588,-19.798],[0.861,-2.187]],"o":[[0.076,-0.362],[2.949,-16.222],[5.265,-1.548],[19.795,3.606],[-0.436,2.406],[0,0]],"v":[[-54.761,10.327],[-54.539,9.212],[-73.852,-29.768],[-57.113,-30.643],[-27.802,11.722],[-29.767,18.615]],"c":false}]},{"i":{"x":0.4,"y":1},"o":{"x":0.681,"y":0},"t":105,"s":[{"i":[[0,0],[-0.134,0.364],[12.553,9.363],[-5.491,-2.012],[6.91,-18.875],[1.22,-2.006]],"o":[[0.137,-0.343],[5.665,-15.467],[5.447,-0.628],[18.872,6.919],[-0.839,2.294],[0,0]],"v":[[-18.998,13.323],[-18.589,12.263],[-30.964,-29.397],[-14.338,-27.408],[7.304,19.285],[4.196,25.736]],"c":false}]},{"i":{"x":0.667,"y":1},"o":{"x":0.6,"y":0},"t":138.666,"s":[{"i":[[0,0],[-0.069,0.382],[13.979,7.094],[-5.759,-1.049],[3.588,-19.798],[0.861,-2.187]],"o":[[0.076,-0.362],[2.949,-16.222],[5.265,-1.548],[19.795,3.606],[-0.436,2.406],[0,0]],"v":[[-54.761,10.327],[-54.539,9.212],[-73.852,-29.768],[-57.113,-30.643],[-27.802,11.722],[-29.767,18.615]],"c":false}]},{"i":{"x":0.667,"y":1},"o":{"x":0.333,"y":0},"t":174.645,"s":[{"i":[[0,0],[-0.161,0.353],[11.822,10.296],[-5.328,-2.425],[8.317,-18.321],[1.369,-1.91]],"o":[[0.162,-0.332],[6.824,-15.009],[5.484,-0.214],[18.313,8.334],[-1.011,2.226],[0,0]],"v":[[-3.209,16.232],[-2.721,15.205],[-11.921,-27.313],[4.524,-24.07],[22.592,24.173],[19.002,30.377]],"c":false}]},{"t":197,"s":[{"i":[[0,0],[-0.153,0.357],[12.104,9.962],[-5.394,-2.274],[7.821,-18.538],[1.315,-1.948]],"o":[[0.153,-0.337],[6.404,-15.193],[5.476,-0.367],[18.538,7.821],[-0.948,2.254],[0,0]],"v":[[-9.483,14.923],[-9.024,13.883],[-19.404,-28.363],[-2.875,-25.579],[16.53,22.142],[13.114,28.444]],"c":false}]}],"ix":2},"nm":"Path 4","mn":"ADBE Vector Shape - Group","hd":false},{"ind":1,"ty":"sh","ix":2,"ks":{"a":1,"k":[{"i":{"x":0.4,"y":1},"o":{"x":0.333,"y":0},"t":0,"s":[{"i":[[0,0],[0.948,2.254],[-18.538,7.821],[-5.476,-0.367],[-6.404,-15.193],[-0.153,-0.337]],"o":[[-1.315,-1.948],[-7.821,-18.538],[5.394,-2.274],[-12.104,9.962],[0.153,0.357],[0,0]],"v":[[-114.817,28.444],[-118.232,22.142],[-98.828,-25.579],[-82.299,-28.363],[-92.679,13.883],[-92.22,14.923]],"c":false}]},{"i":{"x":0.4,"y":1},"o":{"x":0.6,"y":0},"t":20,"s":[{"i":[[0,0],[1.417,1.992],[-16.399,11.658],[-5.425,0.832],[-9.552,-13.439],[-0.222,-0.295]],"o":[[-1.707,-1.615],[-11.663,-16.395],[4.771,-3.392],[-9.65,12.355],[0.227,0.315],[0,0]],"v":[[-154.64,46.415],[-159.344,41.006],[-150.773,-9.791],[-135.243,-16.101],[-136.196,27.391],[-135.522,28.307]],"c":false}]},{"i":{"x":0.4,"y":1},"o":{"x":0.6,"y":0},"t":50,"s":[{"i":[[0,0],[1.055,2.203],[-18.126,8.687],[-5.482,-0.105],[-7.115,-14.855],[-0.169,-0.328]],"o":[[-1.406,-1.881],[-8.689,-18.125],[5.274,-2.527],[-11.602,10.519],[0.17,0.349],[0,0]],"v":[[-123.46,31.843],[-127.17,25.718],[-110.085,-22.827],[-93.724,-26.394],[-102.066,16.257],[-101.558,17.273]],"c":false}]},{"i":{"x":0.4,"y":1},"o":{"x":0.6,"y":0},"t":82,"s":[{"i":[[0,0],[1.417,1.992],[-16.399,11.658],[-5.425,0.832],[-9.552,-13.439],[-0.222,-0.295]],"o":[[-1.707,-1.615],[-11.663,-16.395],[4.771,-3.392],[-9.65,12.355],[0.227,0.315],[0,0]],"v":[[-154.64,46.415],[-159.344,41.006],[-150.773,-9.791],[-135.243,-16.101],[-136.196,27.391],[-135.522,28.307]],"c":false}]},{"i":{"x":0.4,"y":1},"o":{"x":0.681,"y":0},"t":105,"s":[{"i":[[0,0],[1.055,2.203],[-18.126,8.687],[-5.482,-0.105],[-7.115,-14.855],[-0.169,-0.328]],"o":[[-1.406,-1.881],[-8.689,-18.125],[5.274,-2.527],[-11.602,10.519],[0.17,0.349],[0,0]],"v":[[-123.46,31.843],[-127.17,25.718],[-110.085,-22.827],[-93.724,-26.394],[-102.066,16.257],[-101.558,17.273]],"c":false}]},{"i":{"x":0.667,"y":1},"o":{"x":0.6,"y":0},"t":138.666,"s":[{"i":[[0,0],[1.417,1.992],[-16.399,11.658],[-5.425,0.832],[-9.552,-13.439],[-0.222,-0.295]],"o":[[-1.707,-1.615],[-11.663,-16.395],[4.771,-3.392],[-9.65,12.355],[0.227,0.315],[0,0]],"v":[[-154.64,46.415],[-159.344,41.006],[-150.773,-9.791],[-135.243,-16.101],[-136.196,27.391],[-135.522,28.307]],"c":false}]},{"i":{"x":0.667,"y":1},"o":{"x":0.333,"y":0},"t":174.645,"s":[{"i":[[0,0],[0.887,2.278],[-18.751,7.296],[-5.463,-0.519],[-5.978,-15.366],[-0.144,-0.341]],"o":[[-1.261,-1.983],[-7.302,-18.749],[5.455,-2.123],[-12.376,9.621],[0.143,0.361],[0,0]],"v":[[-108.879,26.815],[-112.118,20.42],[-91.392,-26.742],[-74.791,-29.065],[-86.344,12.876],[-85.914,13.928]],"c":false}]},{"t":197,"s":[{"i":[[0,0],[0.948,2.254],[-18.538,7.821],[-5.476,-0.367],[-6.404,-15.193],[-0.153,-0.337]],"o":[[-1.315,-1.948],[-7.821,-18.538],[5.394,-2.274],[-12.104,9.962],[0.153,0.357],[0,0]],"v":[[-114.817,28.444],[-118.232,22.142],[-98.828,-25.579],[-82.299,-28.363],[-92.679,13.883],[-92.22,14.923]],"c":false}]}],"ix":2},"nm":"Path 5","mn":"ADBE Vector Shape - Group","hd":false},{"ty":"st","c":{"a":0,"k":[0.031372550875,0.658823549747,0.541176497936,1],"ix":3,"x":"var $bm_rt;\n$bm_rt = thisComp.layer('Color  & Stroke Change').effect('Secondary')('Color');"},"o":{"a":0,"k":100,"ix":4},"w":{"a":0,"k":12,"ix":5,"x":"var $bm_rt;\n$bm_rt = $bm_mul(17.2 / 100, thisComp.layer('Color  & Stroke Change').effect('Stroke')('Slider'));"},"lc":2,"lj":2,"bm":0,"nm":"Stroke 1","mn":"ADBE Vector Graphic - Stroke","hd":false},{"ty":"tr","p":{"a":0,"k":[300.851,131.668],"ix":2},"a":{"a":0,"k":[0,0],"ix":1},"s":{"a":0,"k":[100,100],"ix":3},"r":{"a":0,"k":0,"ix":6},"o":{"a":0,"k":100,"ix":7},"sk":{"a":0,"k":0,"ix":4},"sa":{"a":0,"k":0,"ix":5},"nm":"Transform"}],"nm":"Group 1","np":3,"cix":2,"bm":0,"ix":1,"mn":"ADBE Vector Group","hd":false},{"ty":"tr","p":{"a":0,"k":[199.149,131.668],"ix":2},"a":{"a":0,"k":[199.149,131.668],"ix":1},"s":{"a":0,"k":[100,100],"ix":3},"r":{"a":0,"k":0,"ix":6},"o":{"a":0,"k":100,"ix":7},"sk":{"a":0,"k":0,"ix":4},"sa":{"a":0,"k":0,"ix":5},"nm":"Transform"}],"nm":"Group 8","np":1,"cix":2,"bm":0,"ix":2,"mn":"ADBE Vector Group","hd":false}],"ip":0,"op":844,"st":0,"bm":0}],"markers":[]}