{"widgetList":[{"key":42992,"type":"input","alias":"","icon":"text-field","formItemFlag":true,"options":{"name":"input102912","label":"印章名称","labelAlign":"","type":"text","defaultValue":"","placeholder":"","columnWidth":"200px","size":"","labelWidth":null,"labelHidden":false,"readonly":false,"disabled":false,"hidden":false,"clearable":true,"showPassword":false,"required":true,"requiredHint":"请输入印章名称","validation":"","validationHint":"","customClass":[],"labelIconClass":null,"labelIconPosition":"rear","labelTooltip":null,"minLength":null,"maxLength":null,"showWordLimit":false,"prefixIcon":"","suffixIcon":"","appendButton":false,"appendButtonDisabled":false,"buttonIcon":"custom-search","onCreated":"","onMounted":"","onInput":"","onChange":"","onFocus":"","onBlur":"","onValidate":"","onAppendButtonClick":""},"id":"input102912"},{"key":63353,"type":"select","icon":"select-field","formItemFlag":true,"options":{"name":"select113828","label":"印章类型","labelAlign":"","defaultValue":"","placeholder":"","columnWidth":"200px","size":"","labelWidth":null,"labelHidden":false,"disabled":false,"hidden":false,"clearable":true,"filterable":false,"allowCreate":false,"remote":false,"automaticDropdown":false,"multiple":false,"multipleLimit":0,"dsEnabled":false,"dsName":"","dataSetName":"","labelKey":"label","valueKey":"value","optionItems":[{"label":"合同章","value":1},{"label":"公章","value":2},{"label":"其他","value":3}],"required":true,"requiredHint":"请选择印章类型","validation":"","validationHint":"","customClass":"","labelIconClass":null,"labelIconPosition":"rear","labelTooltip":null,"onCreated":"","onMounted":"","onRemoteQuery":"","onChange":"","onFocus":"","onBlur":"","onValidate":""},"id":"select113828"},{"key":62230,"type":"textarea","icon":"textarea-field","formItemFlag":true,"options":{"name":"textarea80548","label":"申请事由","labelAlign":"","rows":3,"defaultValue":"","placeholder":"","columnWidth":"200px","size":"","labelWidth":null,"labelHidden":false,"readonly":false,"disabled":false,"hidden":false,"required":false,"requiredHint":"","validation":"","validationHint":"","customClass":"","labelIconClass":null,"labelIconPosition":"rear","labelTooltip":null,"minLength":null,"maxLength":null,"showWordLimit":false,"onCreated":"","onMounted":"","onInput":"","onChange":"","onFocus":"","onBlur":"","onValidate":""},"id":"textarea80548"},{"key":62230,"type":"textarea","icon":"textarea-field","formItemFlag":true,"options":{"name":"textarea110046","label":"备注","labelAlign":"","rows":3,"defaultValue":"","placeholder":"","columnWidth":"200px","size":"","labelWidth":null,"labelHidden":false,"readonly":false,"disabled":false,"hidden":false,"required":false,"requiredHint":"","validation":"","validationHint":"","customClass":[],"labelIconClass":null,"labelIconPosition":"rear","labelTooltip":null,"minLength":null,"maxLength":null,"showWordLimit":false,"onCreated":"","onMounted":"","onInput":"","onChange":"","onFocus":"","onBlur":"","onValidate":""},"id":"textarea110046"}],"formConfig":{"modelName":"formData","refName":"vForm","rulesName":"rules","labelWidth":80,"labelPosition":"left","size":"","labelAlign":"label-left-align","cssCode":"","customClass":[],"functions":"","layoutType":"PC","jsonVersion":3,"dataSources":[],"onFormCreated":"","onFormMounted":"","onFormDataChange":""}}