{"widgetList":[{"key":24490,"type":"static-text","icon":"static-text","formItemFlag":false,"options":{"name":"statictext12524","columnWidth":"200px","hidden":false,"textContent":"基础信息","customClass":[],"onCreated":"","onMounted":"","label":"static-text"},"id":"statictext12524"},{"key":55452,"type":"grid","alias":"","category":"container","icon":"grid","cols":[{"type":"grid-col","category":"container","icon":"grid-col","internal":true,"widgetList":[{"key":21471,"type":"input","alias":"","icon":"text-field","formItemFlag":true,"options":{"name":"input17258","label":"单据编号","labelAlign":"","type":"text","defaultValue":"2022122020321354","placeholder":"","columnWidth":"200px","size":"","labelWidth":null,"labelHidden":false,"readonly":false,"disabled":true,"hidden":false,"clearable":true,"showPassword":false,"required":false,"requiredHint":"","validation":"","validationHint":"","customClass":[],"labelIconClass":null,"labelIconPosition":"rear","labelTooltip":null,"minLength":null,"maxLength":null,"showWordLimit":false,"prefixIcon":"","suffixIcon":"","appendButton":false,"appendButtonDisabled":false,"buttonIcon":"custom-search","onCreated":"","onMounted":"","onInput":"","onChange":"","onFocus":"","onBlur":"","onValidate":"","onAppendButtonClick":""},"id":"input17258"}],"options":{"name":"gridCol25338","hidden":false,"span":12,"offset":0,"push":0,"pull":0,"responsive":false,"md":12,"sm":12,"xs":12,"customClass":""},"id":"grid-col-25338"},{"type":"grid-col","category":"container","icon":"grid-col","internal":true,"widgetList":[{"key":21471,"type":"input","alias":"","icon":"text-field","formItemFlag":true,"options":{"name":"input75031","label":"单据名称","labelAlign":"","type":"text","defaultValue":"测试单据001","placeholder":"","columnWidth":"200px","size":"","labelWidth":null,"labelHidden":false,"readonly":false,"disabled":true,"hidden":false,"clearable":true,"showPassword":false,"required":false,"requiredHint":"","validation":"","validationHint":"","customClass":"","labelIconClass":null,"labelIconPosition":"rear","labelTooltip":null,"minLength":null,"maxLength":null,"showWordLimit":false,"prefixIcon":"","suffixIcon":"","appendButton":false,"appendButtonDisabled":false,"buttonIcon":"custom-search","onCreated":"","onMounted":"","onInput":"","onChange":"","onFocus":"","onBlur":"","onValidate":"","onAppendButtonClick":""},"id":"input75031"}],"options":{"name":"gridCol105082","hidden":false,"span":12,"offset":0,"push":0,"pull":0,"responsive":false,"md":12,"sm":12,"xs":12,"customClass":""},"id":"grid-col-105082"}],"options":{"name":"grid36312","hidden":false,"gutter":12,"colHeight":null,"customClass":[]},"id":"grid36312"},{"key":24490,"type":"static-text","icon":"static-text","formItemFlag":false,"options":{"name":"statictext31072","columnWidth":"200px","hidden":false,"textContent":"审批","customClass":"","onCreated":"","onMounted":"","label":"static-text"},"id":"statictext31072"},{"key":94019,"type":"radio","icon":"radio-field","formItemFlag":true,"options":{"name":"radio40162","label":"审批选项","labelAlign":"","defaultValue":1,"columnWidth":"200px","size":"","displayStyle":"inline","buttonStyle":false,"border":false,"labelWidth":null,"labelHidden":false,"disabled":false,"hidden":false,"dsEnabled":false,"dsName":"","dataSetName":"","labelKey":"label","valueKey":"value","optionItems":[{"label":"同意","value":1},{"label":"不同意","value":2},{"label":"转交","value":3},{"value":4,"label":"加签"},{"value":5,"label":"征询他人意见"},{"value":6,"label":"退回"}],"required":false,"requiredHint":"","validation":"","validationHint":"","customClass":"","labelIconClass":null,"labelIconPosition":"rear","labelTooltip":null,"onCreated":"","onMounted":"","onChange":"","onValidate":""},"id":"radio40162"},{"key":15819,"type":"textarea","icon":"textarea-field","formItemFlag":true,"options":{"name":"textarea73312","label":"审批意见","labelAlign":"","rows":3,"defaultValue":"","placeholder":"请输入","columnWidth":"200px","size":"","labelWidth":null,"labelHidden":false,"readonly":false,"disabled":false,"hidden":false,"required":false,"requiredHint":"","validation":"","validationHint":"","customClass":"","labelIconClass":null,"labelIconPosition":"rear","labelTooltip":null,"minLength":null,"maxLength":null,"showWordLimit":false,"onCreated":"","onMounted":"","onInput":"","onChange":"","onFocus":"","onBlur":"","onValidate":""},"id":"textarea73312"}],"formConfig":{"modelName":"formData","refName":"vForm","rulesName":"rules","labelWidth":80,"labelPosition":"left","size":"","labelAlign":"label-left-align","cssCode":"","customClass":"","functions":"","layoutType":"PC","jsonVersion":3,"dataSources":[],"onFormCreated":"","onFormMounted":"","onFormDataChange":"","onFormValidate":""}}