{
  "widgetList": [
    {
      "key": 94380,
      "type": "grid",
      "alias": "",
      "category": "container",
      "icon": "grid",
      "cols": [
        {
          "type": "grid-col",
          "category": "container",
          "icon": "grid-col",
          "internal": true,
          "widgetList": [
            {
              "key": 69878,
              "type": "input",
              "alias": "",
              "icon": "text-field",
              "formItemFlag": true,
              "options": {
                "name": "input75042",
                "label": "文件编码",
                "labelAlign": "",
                "type": "text",
                "defaultValue": "20221215105443234998",
                "placeholder": "请输入",
                "columnWidth": "200px",
                "size": "",
                "labelWidth": null,
                "labelHidden": false,
                "readonly": false,
                "disabled": false,
                "hidden": false,
                "clearable": true,
                "showPassword": false,
                "required": true,
                "requiredHint": "请输入文件编码",
                "validation": "",
                "validationHint": "",
                "customClass": [],
                "labelIconClass": null,
                "labelIconPosition": "rear",
                "labelTooltip": null,
                "minLength": null,
                "maxLength": null,
                "showWordLimit": false,
                "prefixIcon": "",
                "suffixIcon": "",
                "appendButton": false,
                "appendButtonDisabled": false,
                "buttonIcon": "custom-search",
                "onCreated": "",
                "onMounted": "",
                "onInput": "",
                "onChange": "",
                "onFocus": "",
                "onBlur": "",
                "onValidate": "",
                "onAppendButtonClick": ""
              },
              "id": "input75042"
            }
          ],
          "options": {
            "name": "gridCol89270",
            "hidden": false,
            "span": 11,
            "offset": 0,
            "push": 0,
            "pull": 0,
            "responsive": false,
            "md": 12,
            "sm": 12,
            "xs": 12,
            "customClass": ""
          },
          "id": "grid-col-89270"
        },
        {
          "type": "grid-col",
          "category": "container",
          "icon": "grid-col",
          "internal": true,
          "widgetList": [
            {
              "key": 69878,
              "type": "input",
              "alias": "",
              "icon": "text-field",
              "formItemFlag": true,
              "options": {
                "name": "input51664",
                "label": "文件份数",
                "labelAlign": "",
                "type": "text",
                "defaultValue": "",
                "placeholder": "请输入",
                "columnWidth": "200px",
                "size": "",
                "labelWidth": null,
                "labelHidden": false,
                "readonly": false,
                "disabled": false,
                "hidden": false,
                "clearable": true,
                "showPassword": false,
                "required": true,
                "requiredHint": "",
                "validation": "",
                "validationHint": "",
                "customClass": [],
                "labelIconClass": null,
                "labelIconPosition": "rear",
                "labelTooltip": null,
                "minLength": null,
                "maxLength": null,
                "showWordLimit": false,
                "prefixIcon": "",
                "suffixIcon": "",
                "appendButton": false,
                "appendButtonDisabled": false,
                "buttonIcon": "custom-search",
                "onCreated": "",
                "onMounted": "",
                "onInput": "",
                "onChange": "",
                "onFocus": "",
                "onBlur": "",
                "onValidate": "",
                "onAppendButtonClick": ""
              },
              "id": "input51664"
            }
          ],
          "options": {
            "name": "gridCol99446",
            "hidden": false,
            "span": 11,
            "offset": 0,
            "push": 2,
            "pull": 0,
            "responsive": false,
            "md": 12,
            "sm": 12,
            "xs": 12,
            "customClass": []
          },
          "id": "grid-col-99446"
        },
        {
          "type": "grid-col",
          "category": "container",
          "icon": "grid-col",
          "internal": true,
          "widgetList": [
            {
              "key": 69878,
              "type": "input",
              "alias": "",
              "icon": "text-field",
              "formItemFlag": true,
              "options": {
                "name": "input86818",
                "label": "文件名称",
                "labelAlign": "",
                "type": "text",
                "defaultValue": "",
                "placeholder": "请输入",
                "columnWidth": "200px",
                "size": "",
                "labelWidth": null,
                "labelHidden": false,
                "readonly": false,
                "disabled": false,
                "hidden": false,
                "clearable": true,
                "showPassword": false,
                "required": true,
                "requiredHint": "请输入文件名称",
                "validation": "",
                "validationHint": "",
                "customClass": [],
                "labelIconClass": null,
                "labelIconPosition": "rear",
                "labelTooltip": null,
                "minLength": null,
                "maxLength": null,
                "showWordLimit": false,
                "prefixIcon": "",
                "suffixIcon": "",
                "appendButton": false,
                "appendButtonDisabled": false,
                "buttonIcon": "custom-search",
                "onCreated": "",
                "onMounted": "",
                "onInput": "",
                "onChange": "",
                "onFocus": "",
                "onBlur": "",
                "onValidate": "",
                "onAppendButtonClick": ""
              },
              "id": "input86818"
            }
          ],
          "options": {
            "name": "gridCol49521",
            "hidden": false,
            "span": 11,
            "offset": 0,
            "push": 0,
            "pull": 0,
            "responsive": false,
            "md": 12,
            "sm": 12,
            "xs": 12,
            "customClass": []
          },
          "id": "grid-col-49521"
        },
        {
          "type": "grid-col",
          "category": "container",
          "icon": "grid-col",
          "internal": true,
          "widgetList": [
            {
              "key": 69878,
              "type": "input",
              "alias": "",
              "icon": "text-field",
              "formItemFlag": true,
              "options": {
                "name": "input80662",
                "label": "文件字号",
                "labelAlign": "",
                "type": "text",
                "defaultValue": "",
                "placeholder": "请输入",
                "columnWidth": "200px",
                "size": "",
                "labelWidth": null,
                "labelHidden": false,
                "readonly": false,
                "disabled": false,
                "hidden": false,
                "clearable": true,
                "showPassword": false,
                "required": true,
                "requiredHint": "",
                "validation": "",
                "validationHint": "",
                "customClass": "",
                "labelIconClass": null,
                "labelIconPosition": "rear",
                "labelTooltip": null,
                "minLength": null,
                "maxLength": null,
                "showWordLimit": false,
                "prefixIcon": "",
                "suffixIcon": "",
                "appendButton": false,
                "appendButtonDisabled": false,
                "buttonIcon": "custom-search",
                "onCreated": "",
                "onMounted": "",
                "onInput": "",
                "onChange": "",
                "onFocus": "",
                "onBlur": "",
                "onValidate": "",
                "onAppendButtonClick": ""
              },
              "id": "input80662"
            }
          ],
          "options": {
            "name": "gridCol71040",
            "hidden": false,
            "span": 11,
            "offset": 0,
            "push": 2,
            "pull": 0,
            "responsive": false,
            "md": 12,
            "sm": 12,
            "xs": 12,
            "customClass": []
          },
          "id": "grid-col-71040"
        },
        {
          "type": "grid-col",
          "category": "container",
          "icon": "grid-col",
          "internal": true,
          "widgetList": [
            {
              "key": 69878,
              "type": "input",
              "alias": "",
              "icon": "text-field",
              "formItemFlag": true,
              "options": {
                "name": "input26808",
                "label": "文件夹名称",
                "labelAlign": "",
                "type": "text",
                "defaultValue": "",
                "placeholder": "请选择",
                "columnWidth": "200px",
                "size": "",
                "labelWidth": null,
                "labelHidden": false,
                "readonly": false,
                "disabled": false,
                "hidden": false,
                "clearable": true,
                "showPassword": false,
                "required": true,
                "requiredHint": "",
                "validation": "",
                "validationHint": "",
                "customClass": [],
                "labelIconClass": null,
                "labelIconPosition": "rear",
                "labelTooltip": null,
                "minLength": null,
                "maxLength": null,
                "showWordLimit": false,
                "prefixIcon": "",
                "suffixIcon": "",
                "appendButton": false,
                "appendButtonDisabled": false,
                "buttonIcon": "custom-search",
                "onCreated": "",
                "onMounted": "",
                "onInput": "",
                "onChange": "",
                "onFocus": "",
                "onBlur": "",
                "onValidate": "",
                "onAppendButtonClick": ""
              },
              "id": "input26808"
            }
          ],
          "options": {
            "name": "gridCol87153",
            "hidden": false,
            "span": 11,
            "offset": 0,
            "push": 0,
            "pull": 0,
            "responsive": false,
            "md": 12,
            "sm": 12,
            "xs": 12,
            "customClass": []
          },
          "id": "grid-col-87153"
        },
        {
          "type": "grid-col",
          "category": "container",
          "icon": "grid-col",
          "internal": true,
          "widgetList": [],
          "options": {
            "name": "gridCol59625",
            "hidden": false,
            "span": 11,
            "offset": 0,
            "push": 2,
            "pull": 0,
            "responsive": false,
            "md": 12,
            "sm": 12,
            "xs": 12,
            "customClass": []
          },
          "id": "grid-col-59625"
        },
        {
          "type": "grid-col",
          "category": "container",
          "icon": "grid-col",
          "internal": true,
          "widgetList": [
            {
              "key": 69878,
              "type": "input",
              "alias": "",
              "icon": "text-field",
              "formItemFlag": true,
              "options": {
                "name": "input103347",
                "label": "保管人",
                "labelAlign": "",
                "type": "text",
                "defaultValue": "",
                "placeholder": "请选择",
                "columnWidth": "200px",
                "size": "",
                "labelWidth": null,
                "labelHidden": false,
                "readonly": false,
                "disabled": false,
                "hidden": false,
                "clearable": true,
                "showPassword": false,
                "required": true,
                "requiredHint": "请选择保管人",
                "validation": "",
                "validationHint": "",
                "customClass": [],
                "labelIconClass": null,
                "labelIconPosition": "rear",
                "labelTooltip": null,
                "minLength": null,
                "maxLength": null,
                "showWordLimit": false,
                "prefixIcon": "",
                "suffixIcon": "",
                "appendButton": false,
                "appendButtonDisabled": false,
                "buttonIcon": "custom-search",
                "onCreated": "",
                "onMounted": "",
                "onInput": "",
                "onChange": "",
                "onFocus": "",
                "onBlur": "",
                "onValidate": "",
                "onAppendButtonClick": ""
              },
              "id": "input103347"
            }
          ],
          "options": {
            "name": "gridCol44693",
            "hidden": false,
            "span": 11,
            "offset": 0,
            "push": 0,
            "pull": 0,
            "responsive": false,
            "md": 12,
            "sm": 12,
            "xs": 12,
            "customClass": []
          },
          "id": "grid-col-44693"
        },
        {
          "type": "grid-col",
          "category": "container",
          "icon": "grid-col",
          "internal": true,
          "widgetList": [
            {
              "key": 69878,
              "type": "input",
              "alias": "",
              "icon": "text-field",
              "formItemFlag": true,
              "options": {
                "name": "input80979",
                "label": "保管部门",
                "labelAlign": "",
                "type": "text",
                "defaultValue": "",
                "placeholder": "请选择",
                "columnWidth": "200px",
                "size": "",
                "labelWidth": null,
                "labelHidden": false,
                "readonly": false,
                "disabled": false,
                "hidden": false,
                "clearable": true,
                "showPassword": false,
                "required": true,
                "requiredHint": "请选择保管部门",
                "validation": "",
                "validationHint": "",
                "customClass": [],
                "labelIconClass": null,
                "labelIconPosition": "rear",
                "labelTooltip": null,
                "minLength": null,
                "maxLength": null,
                "showWordLimit": false,
                "prefixIcon": "",
                "suffixIcon": "",
                "appendButton": false,
                "appendButtonDisabled": false,
                "buttonIcon": "custom-search",
                "onCreated": "",
                "onMounted": "",
                "onInput": "",
                "onChange": "",
                "onFocus": "",
                "onBlur": "",
                "onValidate": "",
                "onAppendButtonClick": ""
              },
              "id": "input80979"
            }
          ],
          "options": {
            "name": "gridCol32310",
            "hidden": false,
            "span": 11,
            "offset": 0,
            "push": 2,
            "pull": 0,
            "responsive": false,
            "md": 12,
            "sm": 12,
            "xs": 12,
            "customClass": ""
          },
          "id": "grid-col-32310"
        },
        {
          "type": "grid-col",
          "category": "container",
          "icon": "grid-col",
          "internal": true,
          "widgetList": [
            {
              "key": 109040,
              "type": "date",
              "icon": "date-field",
              "formItemFlag": true,
              "options": {
                "name": "date87784",
                "label": "归档日期",
                "labelAlign": "",
                "type": "date",
                "defaultValue": null,
                "placeholder": "",
                "columnWidth": "200px",
                "size": "",
                "autoFullWidth": true,
                "labelWidth": null,
                "labelHidden": false,
                "readonly": false,
                "disabled": false,
                "hidden": false,
                "clearable": true,
                "editable": false,
                "format": "YYYY-MM-DD",
                "valueFormat": "YYYY-MM-DD",
                "required": true,
                "requiredHint": "请选择归档日期",
                "validation": "",
                "validationHint": "",
                "customClass": [],
                "labelIconClass": null,
                "labelIconPosition": "rear",
                "labelTooltip": null,
                "onCreated": "",
                "onMounted": "",
                "onChange": "",
                "onFocus": "",
                "onBlur": "",
                "onValidate": ""
              },
              "id": "date87784"
            }
          ],
          "options": {
            "name": "gridCol13321",
            "hidden": false,
            "span": 11,
            "offset": 0,
            "push": 0,
            "pull": 0,
            "responsive": false,
            "md": 12,
            "sm": 12,
            "xs": 12,
            "customClass": []
          },
          "id": "grid-col-13321"
        },
        {
          "type": "grid-col",
          "category": "container",
          "icon": "grid-col",
          "internal": true,
          "widgetList": [],
          "options": {
            "name": "gridCol78190",
            "hidden": false,
            "span": 11,
            "offset": 0,
            "push": 2,
            "pull": 0,
            "responsive": false,
            "md": 12,
            "sm": 12,
            "xs": 12,
            "customClass": ""
          },
          "id": "grid-col-78190"
        },
        {
          "type": "grid-col",
          "category": "container",
          "icon": "grid-col",
          "internal": true,
          "widgetList": [
            {
              "key": 69878,
              "type": "input",
              "alias": "",
              "icon": "text-field",
              "formItemFlag": true,
              "options": {
                "name": "input48839",
                "label": "备注",
                "labelAlign": "label-left-align",
                "type": "text",
                "defaultValue": "",
                "placeholder": "",
                "columnWidth": "200px",
                "size": "",
                "labelWidth": null,
                "labelHidden": false,
                "readonly": false,
                "disabled": false,
                "hidden": false,
                "clearable": true,
                "showPassword": false,
                "required": false,
                "requiredHint": "",
                "validation": "",
                "validationHint": "",
                "customClass": [],
                "labelIconClass": null,
                "labelIconPosition": "rear",
                "labelTooltip": null,
                "minLength": null,
                "maxLength": null,
                "showWordLimit": false,
                "prefixIcon": "",
                "suffixIcon": "",
                "appendButton": false,
                "appendButtonDisabled": false,
                "buttonIcon": "custom-search",
                "onCreated": "",
                "onMounted": "",
                "onInput": "",
                "onChange": "",
                "onFocus": "",
                "onBlur": "",
                "onValidate": "",
                "onAppendButtonClick": ""
              },
              "id": "input48839"
            }
          ],
          "options": {
            "name": "gridCol81727",
            "hidden": false,
            "span": 24,
            "offset": 0,
            "push": 0,
            "pull": 0,
            "responsive": false,
            "md": 12,
            "sm": 12,
            "xs": 12,
            "customClass": []
          },
          "id": "grid-col-81727"
        },
        {
          "type": "grid-col",
          "category": "container",
          "icon": "grid-col",
          "internal": true,
          "widgetList": [
            {
              "key": 102590,
              "type": "file-upload",
              "icon": "file-upload-field",
              "formItemFlag": true,
              "options": {
                "name": "fileupload48988",
                "label": "附件",
                "labelAlign": "",
                "labelWidth": null,
                "labelHidden": false,
                "columnWidth": "200px",
                "disabled": false,
                "hidden": false,
                "required": false,
                "requiredHint": "",
                "customRule": "",
                "customRuleHint": "",
                "uploadURL": "",
                "uploadTip": "",
                "withCredentials": false,
                "multipleSelect": false,
                "showFileList": true,
                "limit": 3,
                "fileMaxSize": 5,
                "fileTypes": [
                  "doc",
                  "docx",
                  "xls",
                  "xlsx"
                ],
                "customClass": [],
                "labelIconClass": null,
                "labelIconPosition": "rear",
                "labelTooltip": null,
                "onCreated": "",
                "onMounted": "",
                "onBeforeUpload": "",
                "onUploadSuccess": "",
                "onUploadError": "",
                "onFileRemove": "",
                "onValidate": ""
              },
              "id": "fileupload48988"
            }
          ],
          "options": {
            "name": "gridCol83338",
            "hidden": false,
            "span": 24,
            "offset": 0,
            "push": 0,
            "pull": 0,
            "responsive": false,
            "md": 12,
            "sm": 12,
            "xs": 12,
            "customClass": ""
          },
          "id": "grid-col-83338"
        }
      ],
      "options": {
        "name": "grid73502",
        "hidden": false,
        "gutter": 12,
        "colHeight": null,
        "customClass": []
      },
      "id": "grid73502"
    }
  ],
  "formConfig": {
    "modelName": "formData",
    "refName": "vForm",
    "rulesName": "rules",
    "labelWidth": 100,
    "labelPosition": "left",
    "size": "",
    "labelAlign": "label-left-align",
    "cssCode": "",
    "customClass": "",
    "functions": "",
    "layoutType": "PC",
    "jsonVersion": 3,
    "dataSources": [],
    "onFormCreated": "",
    "onFormMounted": "",
    "onFormDataChange": "",
    "onFormValidate": ""
  }
}