{
  "widgetList": [
    {
      "key": 94380,
      "type": "grid",
      "alias": "",
      "category": "container",
      "icon": "grid",
      "cols": [
        {
          "type": "grid-col",
          "category": "container",
          "icon": "grid-col",
          "internal": true,
          "widgetList": [
            {
              "key": 69878,
              "type": "input",
              "alias": "",
              "icon": "text-field",
              "formItemFlag": true,
              "options": {
                "name": "input114581",
                "label": "设备名称",
                "labelAlign": "",
                "type": "text",
                "defaultValue": "",
                "placeholder": "请输入",
                "columnWidth": "200px",
                "size": "",
                "labelWidth": null,
                "labelHidden": false,
                "readonly": false,
                "disabled": false,
                "hidden": false,
                "clearable": true,
                "showPassword": false,
                "required": true,
                "requiredHint": "",
                "validation": "",
                "validationHint": "",
                "customClass": [],
                "labelIconClass": null,
                "labelIconPosition": "rear",
                "labelTooltip": null,
                "minLength": null,
                "maxLength": null,
                "showWordLimit": false,
                "prefixIcon": "",
                "suffixIcon": "",
                "appendButton": false,
                "appendButtonDisabled": false,
                "buttonIcon": "custom-search",
                "onCreated": "",
                "onMounted": "",
                "onInput": "",
                "onChange": "",
                "onFocus": "",
                "onBlur": "",
                "onValidate": "",
                "onAppendButtonClick": ""
              },
              "id": "input114581"
            }
          ],
          "options": {
            "name": "gridCol113069",
            "hidden": false,
            "span": 11,
            "offset": 0,
            "push": 0,
            "pull": 0,
            "responsive": false,
            "md": 12,
            "sm": 12,
            "xs": 12,
            "customClass": ""
          },
          "id": "grid-col-113069"
        },
        {
          "type": "grid-col",
          "category": "container",
          "icon": "grid-col",
          "internal": true,
          "widgetList": [
            {
              "key": 69878,
              "type": "input",
              "alias": "",
              "icon": "text-field",
              "formItemFlag": true,
              "options": {
                "name": "input76131",
                "label": "工作台编码",
                "labelAlign": "",
                "type": "text",
                "defaultValue": "",
                "placeholder": "请选择",
                "columnWidth": "200px",
                "size": "",
                "labelWidth": null,
                "labelHidden": false,
                "readonly": false,
                "disabled": false,
                "hidden": false,
                "clearable": true,
                "showPassword": false,
                "required": true,
                "requiredHint": "请选择工作台编码",
                "validation": "",
                "validationHint": "",
                "customClass": [],
                "labelIconClass": null,
                "labelIconPosition": "rear",
                "labelTooltip": null,
                "minLength": null,
                "maxLength": null,
                "showWordLimit": false,
                "prefixIcon": "",
                "suffixIcon": "",
                "appendButton": false,
                "appendButtonDisabled": false,
                "buttonIcon": "custom-search",
                "onCreated": "",
                "onMounted": "",
                "onInput": "",
                "onChange": "",
                "onFocus": "",
                "onBlur": "",
                "onValidate": "",
                "onAppendButtonClick": ""
              },
              "id": "input76131"
            }
          ],
          "options": {
            "name": "gridCol3499",
            "hidden": false,
            "span": 11,
            "offset": 0,
            "push": 2,
            "pull": 0,
            "responsive": false,
            "md": 12,
            "sm": 12,
            "xs": 12,
            "customClass": []
          },
          "id": "grid-col-3499"
        },
        {
          "type": "grid-col",
          "category": "container",
          "icon": "grid-col",
          "internal": true,
          "widgetList": [
            {
              "key": 69878,
              "type": "input",
              "alias": "",
              "icon": "text-field",
              "formItemFlag": true,
              "options": {
                "name": "input22676",
                "label": "保管人",
                "labelAlign": "",
                "type": "text",
                "defaultValue": "李丽丽",
                "placeholder": "请选择",
                "columnWidth": "200px",
                "size": "",
                "labelWidth": null,
                "labelHidden": false,
                "readonly": false,
                "disabled": false,
                "hidden": false,
                "clearable": true,
                "showPassword": false,
                "required": true,
                "requiredHint": "请选择保管人",
                "validation": "",
                "validationHint": "",
                "customClass": [],
                "labelIconClass": null,
                "labelIconPosition": "rear",
                "labelTooltip": null,
                "minLength": null,
                "maxLength": null,
                "showWordLimit": false,
                "prefixIcon": "",
                "suffixIcon": "",
                "appendButton": false,
                "appendButtonDisabled": false,
                "buttonIcon": "custom-search",
                "onCreated": "",
                "onMounted": "",
                "onInput": "",
                "onChange": "",
                "onFocus": "",
                "onBlur": "",
                "onValidate": "",
                "onAppendButtonClick": ""
              },
              "id": "input22676"
            }
          ],
          "options": {
            "name": "gridCol90615",
            "hidden": false,
            "span": 11,
            "offset": 0,
            "push": 0,
            "pull": 0,
            "responsive": false,
            "md": 12,
            "sm": 12,
            "xs": 12,
            "customClass": []
          },
          "id": "grid-col-90615"
        },
        {
          "type": "grid-col",
          "category": "container",
          "icon": "grid-col",
          "internal": true,
          "widgetList": [
            {
              "key": 69878,
              "type": "input",
              "alias": "",
              "icon": "text-field",
              "formItemFlag": true,
              "options": {
                "name": "input67640",
                "label": "所属部门",
                "labelAlign": "",
                "type": "text",
                "defaultValue": "建业科技",
                "placeholder": "请选择",
                "columnWidth": "200px",
                "size": "",
                "labelWidth": null,
                "labelHidden": false,
                "readonly": false,
                "disabled": false,
                "hidden": false,
                "clearable": true,
                "showPassword": false,
                "required": true,
                "requiredHint": "请选择所属部门",
                "validation": "",
                "validationHint": "",
                "customClass": [],
                "labelIconClass": null,
                "labelIconPosition": "rear",
                "labelTooltip": null,
                "minLength": null,
                "maxLength": null,
                "showWordLimit": false,
                "prefixIcon": "",
                "suffixIcon": "",
                "appendButton": false,
                "appendButtonDisabled": false,
                "buttonIcon": "custom-search",
                "onCreated": "",
                "onMounted": "",
                "onInput": "",
                "onChange": "",
                "onFocus": "",
                "onBlur": "",
                "onValidate": "",
                "onAppendButtonClick": ""
              },
              "id": "input67640"
            }
          ],
          "options": {
            "name": "gridCol65297",
            "hidden": false,
            "span": 11,
            "offset": 0,
            "push": 2,
            "pull": 0,
            "responsive": false,
            "md": 12,
            "sm": 12,
            "xs": 12,
            "customClass": ""
          },
          "id": "grid-col-65297"
        },
        {
          "type": "grid-col",
          "category": "container",
          "icon": "grid-col",
          "internal": true,
          "widgetList": [
            {
              "key": 69878,
              "type": "input",
              "alias": "",
              "icon": "text-field",
              "formItemFlag": true,
              "options": {
                "name": "input91927",
                "label": "设备串号",
                "labelAlign": "",
                "type": "text",
                "defaultValue": "",
                "placeholder": "请输入",
                "columnWidth": "200px",
                "size": "",
                "labelWidth": null,
                "labelHidden": false,
                "readonly": false,
                "disabled": false,
                "hidden": false,
                "clearable": true,
                "showPassword": false,
                "required": false,
                "requiredHint": "",
                "validation": "",
                "validationHint": "",
                "customClass": [],
                "labelIconClass": null,
                "labelIconPosition": "rear",
                "labelTooltip": null,
                "minLength": null,
                "maxLength": null,
                "showWordLimit": false,
                "prefixIcon": "",
                "suffixIcon": "",
                "appendButton": false,
                "appendButtonDisabled": false,
                "buttonIcon": "custom-search",
                "onCreated": "",
                "onMounted": "",
                "onInput": "",
                "onChange": "",
                "onFocus": "",
                "onBlur": "",
                "onValidate": "",
                "onAppendButtonClick": ""
              },
              "id": "input91927"
            }
          ],
          "options": {
            "name": "gridCol23036",
            "hidden": false,
            "span": 11,
            "offset": 0,
            "push": 0,
            "pull": 0,
            "responsive": false,
            "md": 12,
            "sm": 12,
            "xs": 12,
            "customClass": []
          },
          "id": "grid-col-23036"
        },
        {
          "type": "grid-col",
          "category": "container",
          "icon": "grid-col",
          "internal": true,
          "widgetList": [
            {
              "key": 93537,
              "type": "radio",
              "icon": "radio-field",
              "formItemFlag": true,
              "options": {
                "name": "radio96278",
                "label": "设备状态",
                "labelAlign": "",
                "defaultValue": 1,
                "columnWidth": "200px",
                "size": "",
                "displayStyle": "inline",
                "buttonStyle": false,
                "border": false,
                "labelWidth": null,
                "labelHidden": false,
                "disabled": false,
                "hidden": false,
                "dsEnabled": false,
                "dsName": "",
                "dataSetName": "",
                "labelKey": "label",
                "valueKey": "value",
                "optionItems": [
                  {
                    "label": "正常",
                    "value": 1
                  },
                  {
                    "label": "停用",
                    "value": 2
                  }
                ],
                "required": false,
                "requiredHint": "",
                "validation": "",
                "validationHint": "",
                "customClass": [],
                "labelIconClass": null,
                "labelIconPosition": "rear",
                "labelTooltip": null,
                "onCreated": "",
                "onMounted": "",
                "onChange": "",
                "onValidate": ""
              },
              "id": "radio96278"
            }
          ],
          "options": {
            "name": "gridCol38796",
            "hidden": false,
            "span": 11,
            "offset": 0,
            "push": 2,
            "pull": 0,
            "responsive": false,
            "md": 12,
            "sm": 12,
            "xs": 12,
            "customClass": []
          },
          "id": "grid-col-38796"
        },
        {
          "type": "grid-col",
          "category": "container",
          "icon": "grid-col",
          "internal": true,
          "widgetList": [
            {
              "key": 93537,
              "type": "radio",
              "icon": "radio-field",
              "formItemFlag": true,
              "options": {
                "name": "radio73203",
                "label": "人脸快捷盖章",
                "labelAlign": "",
                "defaultValue": 1,
                "columnWidth": "200px",
                "size": "",
                "displayStyle": "inline",
                "buttonStyle": false,
                "border": false,
                "labelWidth": null,
                "labelHidden": false,
                "disabled": false,
                "hidden": false,
                "dsEnabled": false,
                "dsName": "",
                "dataSetName": "",
                "labelKey": "label",
                "valueKey": "value",
                "optionItems": [
                  {
                    "label": "是",
                    "value": 1
                  },
                  {
                    "label": "否",
                    "value": 2
                  }
                ],
                "required": false,
                "requiredHint": "",
                "validation": "",
                "validationHint": "",
                "customClass": [],
                "labelIconClass": null,
                "labelIconPosition": "rear",
                "labelTooltip": null,
                "onCreated": "",
                "onMounted": "",
                "onChange": "",
                "onValidate": ""
              },
              "id": "radio73203"
            }
          ],
          "options": {
            "name": "gridCol50843",
            "hidden": false,
            "span": 11,
            "offset": 0,
            "push": 0,
            "pull": 0,
            "responsive": false,
            "md": 12,
            "sm": 12,
            "xs": 12,
            "customClass": []
          },
          "id": "grid-col-50843"
        },
        {
          "type": "grid-col",
          "category": "container",
          "icon": "grid-col",
          "internal": true,
          "widgetList": [
            {
              "key": 93537,
              "type": "radio",
              "icon": "radio-field",
              "formItemFlag": true,
              "options": {
                "name": "radio76786",
                "label": "盖章码盖章",
                "labelAlign": "",
                "defaultValue": 1,
                "columnWidth": "200px",
                "size": "",
                "displayStyle": "inline",
                "buttonStyle": false,
                "border": false,
                "labelWidth": null,
                "labelHidden": false,
                "disabled": false,
                "hidden": false,
                "dsEnabled": false,
                "dsName": "",
                "dataSetName": "",
                "labelKey": "label",
                "valueKey": "value",
                "optionItems": [
                  {
                    "label": "是",
                    "value": 1
                  },
                  {
                    "label": "否",
                    "value": 2
                  }
                ],
                "required": false,
                "requiredHint": "",
                "validation": "",
                "validationHint": "",
                "customClass": [],
                "labelIconClass": null,
                "labelIconPosition": "rear",
                "labelTooltip": null,
                "onCreated": "",
                "onMounted": "",
                "onChange": "",
                "onValidate": ""
              },
              "id": "radio76786"
            }
          ],
          "options": {
            "name": "gridCol41392",
            "hidden": false,
            "span": 11,
            "offset": 0,
            "push": 2,
            "pull": 0,
            "responsive": false,
            "md": 12,
            "sm": 12,
            "xs": 12,
            "customClass": []
          },
          "id": "grid-col-41392"
        },
        {
          "type": "grid-col",
          "category": "container",
          "icon": "grid-col",
          "internal": true,
          "widgetList": [
            {
              "key": 93537,
              "type": "radio",
              "icon": "radio-field",
              "formItemFlag": true,
              "options": {
                "name": "radio79996",
                "label": "红外电子围栏",
                "labelAlign": "",
                "defaultValue": 1,
                "columnWidth": "200px",
                "size": "",
                "displayStyle": "inline",
                "buttonStyle": false,
                "border": false,
                "labelWidth": null,
                "labelHidden": false,
                "disabled": false,
                "hidden": false,
                "dsEnabled": false,
                "dsName": "",
                "dataSetName": "",
                "labelKey": "label",
                "valueKey": "value",
                "optionItems": [
                  {
                    "label": "启用",
                    "value": 1
                  },
                  {
                    "label": "禁用",
                    "value": 2
                  }
                ],
                "required": false,
                "requiredHint": "",
                "validation": "",
                "validationHint": "",
                "customClass": [],
                "labelIconClass": null,
                "labelIconPosition": "rear",
                "labelTooltip": null,
                "onCreated": "",
                "onMounted": "",
                "onChange": "",
                "onValidate": ""
              },
              "id": "radio79996"
            }
          ],
          "options": {
            "name": "gridCol34449",
            "hidden": false,
            "span": 11,
            "offset": 0,
            "push": 0,
            "pull": 0,
            "responsive": false,
            "md": 12,
            "sm": 12,
            "xs": 12,
            "customClass": []
          },
          "id": "grid-col-34449"
        },
        {
          "type": "grid-col",
          "category": "container",
          "icon": "grid-col",
          "internal": true,
          "widgetList": [
            {
              "key": 93537,
              "type": "radio",
              "icon": "radio-field",
              "formItemFlag": true,
              "options": {
                "name": "radio49879",
                "label": "语音交互",
                "labelAlign": "",
                "defaultValue": 1,
                "columnWidth": "200px",
                "size": "",
                "displayStyle": "inline",
                "buttonStyle": false,
                "border": false,
                "labelWidth": null,
                "labelHidden": false,
                "disabled": false,
                "hidden": false,
                "dsEnabled": false,
                "dsName": "",
                "dataSetName": "",
                "labelKey": "label",
                "valueKey": "value",
                "optionItems": [
                  {
                    "label": "启用",
                    "value": 1
                  },
                  {
                    "label": "禁用",
                    "value": 2
                  }
                ],
                "required": false,
                "requiredHint": "",
                "validation": "",
                "validationHint": "",
                "customClass": [],
                "labelIconClass": null,
                "labelIconPosition": "rear",
                "labelTooltip": null,
                "onCreated": "",
                "onMounted": "",
                "onChange": "",
                "onValidate": ""
              },
              "id": "radio49879"
            }
          ],
          "options": {
            "name": "gridCol91392",
            "hidden": false,
            "span": 11,
            "offset": 0,
            "push": 2,
            "pull": 0,
            "responsive": false,
            "md": 12,
            "sm": 12,
            "xs": 12,
            "customClass": []
          },
          "id": "grid-col-91392"
        },
        {
          "type": "grid-col",
          "category": "container",
          "icon": "grid-col",
          "internal": true,
          "widgetList": [
            {
              "key": 93537,
              "type": "radio",
              "icon": "radio-field",
              "formItemFlag": true,
              "options": {
                "name": "radio61501",
                "label": "自动锁屏",
                "labelAlign": "",
                "defaultValue": 1,
                "columnWidth": "200px",
                "size": "",
                "displayStyle": "inline",
                "buttonStyle": false,
                "border": false,
                "labelWidth": null,
                "labelHidden": false,
                "disabled": false,
                "hidden": false,
                "dsEnabled": false,
                "dsName": "",
                "dataSetName": "",
                "labelKey": "label",
                "valueKey": "value",
                "optionItems": [
                  {
                    "label": "启用",
                    "value": 1
                  },
                  {
                    "label": "禁用",
                    "value": 2
                  }
                ],
                "required": false,
                "requiredHint": "",
                "validation": "",
                "validationHint": "",
                "customClass": [],
                "labelIconClass": null,
                "labelIconPosition": "rear",
                "labelTooltip": null,
                "onCreated": "",
                "onMounted": "",
                "onChange": "",
                "onValidate": ""
              },
              "id": "radio61501"
            }
          ],
          "options": {
            "name": "gridCol69227",
            "hidden": false,
            "span": 11,
            "offset": 0,
            "push": 0,
            "pull": 0,
            "responsive": false,
            "md": 12,
            "sm": 12,
            "xs": 12,
            "customClass": []
          },
          "id": "grid-col-69227"
        },
        {
          "type": "grid-col",
          "category": "container",
          "icon": "grid-col",
          "internal": true,
          "widgetList": [
            {
              "key": 93537,
              "type": "radio",
              "icon": "radio-field",
              "formItemFlag": true,
              "options": {
                "name": "radio32205",
                "label": "人脸识别登录",
                "labelAlign": "",
                "defaultValue": 1,
                "columnWidth": "200px",
                "size": "",
                "displayStyle": "inline",
                "buttonStyle": false,
                "border": false,
                "labelWidth": null,
                "labelHidden": false,
                "disabled": false,
                "hidden": false,
                "dsEnabled": false,
                "dsName": "",
                "dataSetName": "",
                "labelKey": "label",
                "valueKey": "value",
                "optionItems": [
                  {
                    "label": "启用",
                    "value": 1
                  },
                  {
                    "label": "禁用",
                    "value": "2"
                  }
                ],
                "required": false,
                "requiredHint": "",
                "validation": "",
                "validationHint": "",
                "customClass": [],
                "labelIconClass": null,
                "labelIconPosition": "rear",
                "labelTooltip": null,
                "onCreated": "",
                "onMounted": "",
                "onChange": "",
                "onValidate": ""
              },
              "id": "radio32205"
            }
          ],
          "options": {
            "name": "gridCol54870",
            "hidden": false,
            "span": 11,
            "offset": 0,
            "push": 2,
            "pull": 0,
            "responsive": false,
            "md": 12,
            "sm": 12,
            "xs": 12,
            "customClass": []
          },
          "id": "grid-col-54870"
        },
        {
          "type": "grid-col",
          "category": "container",
          "icon": "grid-col",
          "internal": true,
          "widgetList": [
            {
              "key": 93537,
              "type": "radio",
              "icon": "radio-field",
              "formItemFlag": true,
              "options": {
                "name": "radio87564",
                "label": "休眠",
                "labelAlign": "",
                "defaultValue": 2,
                "columnWidth": "200px",
                "size": "",
                "displayStyle": "inline",
                "buttonStyle": false,
                "border": false,
                "labelWidth": null,
                "labelHidden": false,
                "disabled": false,
                "hidden": false,
                "dsEnabled": false,
                "dsName": "",
                "dataSetName": "",
                "labelKey": "label",
                "valueKey": "value",
                "optionItems": [
                  {
                    "label": "启用",
                    "value": 1
                  },
                  {
                    "label": "禁用",
                    "value": 2
                  }
                ],
                "required": false,
                "requiredHint": "",
                "validation": "",
                "validationHint": "",
                "customClass": [],
                "labelIconClass": null,
                "labelIconPosition": "rear",
                "labelTooltip": null,
                "onCreated": "",
                "onMounted": "",
                "onChange": "",
                "onValidate": ""
              },
              "id": "radio87564"
            }
          ],
          "options": {
            "name": "gridCol111069",
            "hidden": false,
            "span": 11,
            "offset": 0,
            "push": 0,
            "pull": 0,
            "responsive": false,
            "md": 12,
            "sm": 12,
            "xs": 12,
            "customClass": []
          },
          "id": "grid-col-111069"
        },
        {
          "type": "grid-col",
          "category": "container",
          "icon": "grid-col",
          "internal": true,
          "widgetList": [
            {
              "key": 93537,
              "type": "radio",
              "icon": "radio-field",
              "formItemFlag": true,
              "options": {
                "name": "radio66380",
                "label": "还账人脸识别校验",
                "labelAlign": "",
                "defaultValue": null,
                "columnWidth": "200px",
                "size": "",
                "displayStyle": "inline",
                "buttonStyle": false,
                "border": false,
                "labelWidth": null,
                "labelHidden": false,
                "disabled": false,
                "hidden": false,
                "dsEnabled": false,
                "dsName": "",
                "dataSetName": "",
                "labelKey": "label",
                "valueKey": "value",
                "optionItems": [
                  {
                    "label": "启用",
                    "value": 1
                  },
                  {
                    "label": "禁用",
                    "value": 2
                  }
                ],
                "required": false,
                "requiredHint": "",
                "validation": "",
                "validationHint": "",
                "customClass": [],
                "labelIconClass": null,
                "labelIconPosition": "rear",
                "labelTooltip": null,
                "onCreated": "",
                "onMounted": "",
                "onChange": "",
                "onValidate": ""
              },
              "id": "radio66380"
            }
          ],
          "options": {
            "name": "gridCol30346",
            "hidden": false,
            "span": 11,
            "offset": 0,
            "push": 2,
            "pull": 0,
            "responsive": false,
            "md": 12,
            "sm": 12,
            "xs": 12,
            "customClass": []
          },
          "id": "grid-col-30346"
        },
        {
          "type": "grid-col",
          "category": "container",
          "icon": "grid-col",
          "internal": true,
          "widgetList": [
            {
              "key": 69878,
              "type": "input",
              "alias": "",
              "icon": "text-field",
              "formItemFlag": true,
              "options": {
                "name": "input51609",
                "label": "使用地点",
                "labelAlign": "",
                "type": "text",
                "defaultValue": "",
                "placeholder": "请输入",
                "columnWidth": "200px",
                "size": "",
                "labelWidth": null,
                "labelHidden": false,
                "readonly": false,
                "disabled": false,
                "hidden": false,
                "clearable": true,
                "showPassword": false,
                "required": false,
                "requiredHint": "",
                "validation": "",
                "validationHint": "",
                "customClass": [],
                "labelIconClass": null,
                "labelIconPosition": "rear",
                "labelTooltip": null,
                "minLength": null,
                "maxLength": null,
                "showWordLimit": false,
                "prefixIcon": "",
                "suffixIcon": "",
                "appendButton": false,
                "appendButtonDisabled": false,
                "buttonIcon": "custom-search",
                "onCreated": "",
                "onMounted": "",
                "onInput": "",
                "onChange": "",
                "onFocus": "",
                "onBlur": "",
                "onValidate": "",
                "onAppendButtonClick": ""
              },
              "id": "input51609"
            }
          ],
          "options": {
            "name": "gridCol46187",
            "hidden": false,
            "span": 24,
            "offset": 0,
            "push": 0,
            "pull": 0,
            "responsive": false,
            "md": 12,
            "sm": 12,
            "xs": 12,
            "customClass": []
          },
          "id": "grid-col-46187"
        },
        {
          "type": "grid-col",
          "category": "container",
          "icon": "grid-col",
          "internal": true,
          "widgetList": [
            {
              "key": 23667,
              "type": "textarea",
              "icon": "textarea-field",
              "formItemFlag": true,
              "options": {
                "name": "textarea27253",
                "label": "备注",
                "labelAlign": "",
                "rows": 3,
                "defaultValue": "",
                "placeholder": "请输入",
                "columnWidth": "200px",
                "size": "",
                "labelWidth": null,
                "labelHidden": false,
                "readonly": false,
                "disabled": false,
                "hidden": false,
                "required": false,
                "requiredHint": "",
                "validation": "",
                "validationHint": "",
                "customClass": [],
                "labelIconClass": null,
                "labelIconPosition": "rear",
                "labelTooltip": null,
                "minLength": null,
                "maxLength": null,
                "showWordLimit": false,
                "onCreated": "",
                "onMounted": "",
                "onInput": "",
                "onChange": "",
                "onFocus": "",
                "onBlur": "",
                "onValidate": ""
              },
              "id": "textarea27253"
            }
          ],
          "options": {
            "name": "gridCol33216",
            "hidden": false,
            "span": 24,
            "offset": 0,
            "push": 0,
            "pull": 0,
            "responsive": false,
            "md": 12,
            "sm": 12,
            "xs": 12,
            "customClass": ""
          },
          "id": "grid-col-33216"
        }
      ],
      "options": {
        "name": "grid95241",
        "hidden": false,
        "gutter": 12,
        "colHeight": null,
        "customClass": []
      },
      "id": "grid95241"
    }
  ],
  "formConfig": {
    "modelName": "formData",
    "refName": "vForm",
    "rulesName": "rules",
    "labelWidth": 120,
    "labelPosition": "left",
    "size": "",
    "labelAlign": "label-right-align",
    "cssCode": "",
    "customClass": "",
    "functions": "",
    "layoutType": "PC",
    "jsonVersion": 3,
    "dataSources": [],
    "onFormCreated": "",
    "onFormMounted": "",
    "onFormDataChange": "",
    "onFormValidate": ""
  }
}