{
  "widgetList": [
    {
      "key": 94380,
      "type": "grid",
      "alias": "",
      "category": "container",
      "icon": "grid",
      "cols": [
        {
          "type": "grid-col",
          "category": "container",
          "icon": "grid-col",
          "internal": true,
          "widgetList": [
            {
              "key": 69878,
              "type": "input",
              "alias": "",
              "icon": "text-field",
              "formItemFlag": true,
              "options": {
                "name": "input75617",
                "label": "印章全称",
                "labelAlign": "",
                "type": "text",
                "defaultValue": "",
                "placeholder": "请输入",
                "columnWidth": "200px",
                "size": "",
                "labelWidth": null,
                "labelHidden": false,
                "readonly": false,
                "disabled": false,
                "hidden": false,
                "clearable": true,
                "showPassword": false,
                "required": true,
                "requiredHint": "请输入印章全称",
                "validation": "",
                "validationHint": "",
                "customClass": [],
                "labelIconClass": null,
                "labelIconPosition": "rear",
                "labelTooltip": null,
                "minLength": null,
                "maxLength": null,
                "showWordLimit": false,
                "prefixIcon": "",
                "suffixIcon": "",
                "appendButton": false,
                "appendButtonDisabled": false,
                "buttonIcon": "custom-search",
                "onCreated": "",
                "onMounted": "",
                "onInput": "",
                "onChange": "",
                "onFocus": "",
                "onBlur": "",
                "onValidate": "",
                "onAppendButtonClick": ""
              },
              "id": "input75617"
            }
          ],
          "options": {
            "name": "gridCol47514",
            "hidden": false,
            "span": 22,
            "offset": 0,
            "push": 1,
            "pull": 0,
            "responsive": false,
            "md": 12,
            "sm": 12,
            "xs": 12,
            "customClass": []
          },
          "id": "grid-col-47514"
        },
        {
          "type": "grid-col",
          "category": "container",
          "icon": "grid-col",
          "internal": true,
          "widgetList": [
            {
              "key": 69878,
              "type": "input",
              "alias": "",
              "icon": "text-field",
              "formItemFlag": true,
              "options": {
                "name": "input58615",
                "label": "印章编码",
                "labelAlign": "",
                "type": "text",
                "defaultValue": "20221215091425153190",
                "placeholder": "请输入",
                "columnWidth": "200px",
                "size": "",
                "labelWidth": null,
                "labelHidden": false,
                "readonly": false,
                "disabled": false,
                "hidden": false,
                "clearable": true,
                "showPassword": false,
                "required": true,
                "requiredHint": "请输入验证编码",
                "validation": "",
                "validationHint": "",
                "customClass": [],
                "labelIconClass": null,
                "labelIconPosition": "rear",
                "labelTooltip": null,
                "minLength": null,
                "maxLength": null,
                "showWordLimit": false,
                "prefixIcon": "",
                "suffixIcon": "",
                "appendButton": false,
                "appendButtonDisabled": false,
                "buttonIcon": "custom-search",
                "onCreated": "",
                "onMounted": "",
                "onInput": "",
                "onChange": "",
                "onFocus": "",
                "onBlur": "",
                "onValidate": "",
                "onAppendButtonClick": ""
              },
              "id": "input58615"
            }
          ],
          "options": {
            "name": "gridCol56689",
            "hidden": false,
            "span": 10,
            "offset": 0,
            "push": 1,
            "pull": 0,
            "responsive": false,
            "md": 12,
            "sm": 12,
            "xs": 12,
            "customClass": ""
          },
          "id": "grid-col-56689"
        },
        {
          "type": "grid-col",
          "category": "container",
          "icon": "grid-col",
          "internal": true,
          "widgetList": [
            {
              "key": 55892,
              "type": "select",
              "icon": "select-field",
              "formItemFlag": true,
              "options": {
                "name": "select38353",
                "label": "印章类型",
                "labelAlign": "",
                "defaultValue": "",
                "placeholder": "请选择",
                "columnWidth": "200px",
                "size": "",
                "labelWidth": null,
                "labelHidden": false,
                "disabled": false,
                "hidden": false,
                "clearable": true,
                "filterable": false,
                "allowCreate": false,
                "remote": false,
                "automaticDropdown": false,
                "multiple": false,
                "multipleLimit": 0,
                "dsEnabled": false,
                "dsName": "",
                "dataSetName": "",
                "labelKey": "label",
                "valueKey": "value",
                "optionItems": [
                  {
                    "label": "测试专用章",
                    "value": 1
                  },
                  {
                    "label": "手动版",
                    "value": 2
                  },
                  {
                    "label": "客户专用章",
                    "value": 3
                  }
                ],
                "required": true,
                "requiredHint": "请选择印章类型",
                "validation": "",
                "validationHint": "",
                "customClass": [],
                "labelIconClass": null,
                "labelIconPosition": "rear",
                "labelTooltip": null,
                "onCreated": "",
                "onMounted": "",
                "onRemoteQuery": "",
                "onChange": "",
                "onFocus": "",
                "onBlur": "",
                "onValidate": ""
              },
              "id": "select38353"
            }
          ],
          "options": {
            "name": "gridCol91940",
            "hidden": false,
            "span": 10,
            "offset": 0,
            "push": 3,
            "pull": 0,
            "responsive": false,
            "md": 12,
            "sm": 12,
            "xs": 12,
            "customClass": []
          },
          "id": "grid-col-91940"
        },
        {
          "type": "grid-col",
          "category": "container",
          "icon": "grid-col",
          "internal": true,
          "widgetList": [
            {
              "key": 69878,
              "type": "input",
              "alias": "",
              "icon": "text-field",
              "formItemFlag": true,
              "options": {
                "name": "input101510",
                "label": "印章简称",
                "labelAlign": "",
                "type": "text",
                "defaultValue": "",
                "placeholder": "请输入",
                "columnWidth": "200px",
                "size": "",
                "labelWidth": null,
                "labelHidden": false,
                "readonly": false,
                "disabled": false,
                "hidden": false,
                "clearable": true,
                "showPassword": false,
                "required": true,
                "requiredHint": "请输入印章简称",
                "validation": "",
                "validationHint": "",
                "customClass": "",
                "labelIconClass": null,
                "labelIconPosition": "rear",
                "labelTooltip": null,
                "minLength": null,
                "maxLength": null,
                "showWordLimit": false,
                "prefixIcon": "",
                "suffixIcon": "",
                "appendButton": false,
                "appendButtonDisabled": false,
                "buttonIcon": "custom-search",
                "onCreated": "",
                "onMounted": "",
                "onInput": "",
                "onChange": "",
                "onFocus": "",
                "onBlur": "",
                "onValidate": "",
                "onAppendButtonClick": ""
              },
              "id": "input101510"
            }
          ],
          "options": {
            "name": "gridCol84633",
            "hidden": false,
            "span": 10,
            "offset": 0,
            "push": 1,
            "pull": 0,
            "responsive": false,
            "md": 12,
            "sm": 12,
            "xs": 12,
            "customClass": ""
          },
          "id": "grid-col-84633"
        },
        {
          "type": "grid-col",
          "category": "container",
          "icon": "grid-col",
          "internal": true,
          "widgetList": [
            {
              "key": 69878,
              "type": "input",
              "alias": "",
              "icon": "text-field",
              "formItemFlag": true,
              "options": {
                "name": "input77950",
                "label": "所属单位",
                "labelAlign": "",
                "type": "text",
                "defaultValue": "建业科技",
                "placeholder": "请选择",
                "columnWidth": "200px",
                "size": "",
                "labelWidth": null,
                "labelHidden": false,
                "readonly": false,
                "disabled": false,
                "hidden": false,
                "clearable": true,
                "showPassword": false,
                "required": true,
                "requiredHint": "请选择所属单位",
                "validation": "",
                "validationHint": "",
                "customClass": [],
                "labelIconClass": null,
                "labelIconPosition": "rear",
                "labelTooltip": null,
                "minLength": null,
                "maxLength": null,
                "showWordLimit": false,
                "prefixIcon": "",
                "suffixIcon": "",
                "appendButton": false,
                "appendButtonDisabled": false,
                "buttonIcon": "custom-search",
                "onCreated": "",
                "onMounted": "",
                "onInput": "",
                "onChange": "",
                "onFocus": "",
                "onBlur": "",
                "onValidate": "",
                "onAppendButtonClick": ""
              },
              "id": "input77950"
            }
          ],
          "options": {
            "name": "gridCol93240",
            "hidden": false,
            "span": 10,
            "offset": 0,
            "push": 3,
            "pull": 0,
            "responsive": false,
            "md": 12,
            "sm": 12,
            "xs": 12,
            "customClass": []
          },
          "id": "grid-col-93240"
        },
        {
          "type": "grid-col",
          "category": "container",
          "icon": "grid-col",
          "internal": true,
          "widgetList": [
            {
              "key": 69878,
              "type": "input",
              "alias": "",
              "icon": "text-field",
              "formItemFlag": true,
              "options": {
                "name": "input49085",
                "label": "管理人",
                "labelAlign": "",
                "type": "text",
                "defaultValue": "",
                "placeholder": "请选择",
                "columnWidth": "200px",
                "size": "",
                "labelWidth": null,
                "labelHidden": false,
                "readonly": false,
                "disabled": false,
                "hidden": false,
                "clearable": true,
                "showPassword": false,
                "required": true,
                "requiredHint": "请选择管理人",
                "validation": "",
                "validationHint": "",
                "customClass": [],
                "labelIconClass": null,
                "labelIconPosition": "rear",
                "labelTooltip": null,
                "minLength": null,
                "maxLength": null,
                "showWordLimit": false,
                "prefixIcon": "",
                "suffixIcon": "",
                "appendButton": false,
                "appendButtonDisabled": false,
                "buttonIcon": "custom-search",
                "onCreated": "",
                "onMounted": "",
                "onInput": "",
                "onChange": "",
                "onFocus": "",
                "onBlur": "",
                "onValidate": "",
                "onAppendButtonClick": ""
              },
              "id": "input49085"
            }
          ],
          "options": {
            "name": "gridCol55669",
            "hidden": false,
            "span": 10,
            "offset": 0,
            "push": 1,
            "pull": 0,
            "responsive": false,
            "md": 12,
            "sm": 12,
            "xs": 12,
            "customClass": ""
          },
          "id": "grid-col-55669"
        },
        {
          "type": "grid-col",
          "category": "container",
          "icon": "grid-col",
          "internal": true,
          "widgetList": [
            {
              "key": 69878,
              "type": "input",
              "alias": "",
              "icon": "text-field",
              "formItemFlag": true,
              "options": {
                "name": "input16378",
                "label": "管理部门",
                "labelAlign": "",
                "type": "text",
                "defaultValue": "建业科技",
                "placeholder": "请选择",
                "columnWidth": "200px",
                "size": "",
                "labelWidth": null,
                "labelHidden": false,
                "readonly": false,
                "disabled": false,
                "hidden": false,
                "clearable": true,
                "showPassword": false,
                "required": true,
                "requiredHint": "请选择管理部门",
                "validation": "",
                "validationHint": "",
                "customClass": "",
                "labelIconClass": null,
                "labelIconPosition": "rear",
                "labelTooltip": null,
                "minLength": null,
                "maxLength": null,
                "showWordLimit": false,
                "prefixIcon": "",
                "suffixIcon": "",
                "appendButton": false,
                "appendButtonDisabled": false,
                "buttonIcon": "custom-search",
                "onCreated": "",
                "onMounted": "",
                "onInput": "",
                "onChange": "",
                "onFocus": "",
                "onBlur": "",
                "onValidate": "",
                "onAppendButtonClick": ""
              },
              "id": "input16378"
            }
          ],
          "options": {
            "name": "gridCol89569",
            "hidden": false,
            "span": 10,
            "offset": 0,
            "push": 3,
            "pull": 0,
            "responsive": false,
            "md": 12,
            "sm": 12,
            "xs": 12,
            "customClass": []
          },
          "id": "grid-col-89569"
        },
        {
          "type": "grid-col",
          "category": "container",
          "icon": "grid-col",
          "internal": true,
          "widgetList": [
            {
              "key": 69878,
              "type": "input",
              "alias": "",
              "icon": "text-field",
              "formItemFlag": true,
              "options": {
                "name": "input26692",
                "label": "保管人",
                "labelAlign": "",
                "type": "text",
                "defaultValue": "",
                "placeholder": "请选择",
                "columnWidth": "200px",
                "size": "",
                "labelWidth": null,
                "labelHidden": false,
                "readonly": false,
                "disabled": false,
                "hidden": false,
                "clearable": true,
                "showPassword": false,
                "required": true,
                "requiredHint": "请选择保管人",
                "validation": "",
                "validationHint": "",
                "customClass": [],
                "labelIconClass": null,
                "labelIconPosition": "rear",
                "labelTooltip": null,
                "minLength": null,
                "maxLength": null,
                "showWordLimit": false,
                "prefixIcon": "",
                "suffixIcon": "",
                "appendButton": false,
                "appendButtonDisabled": false,
                "buttonIcon": "custom-search",
                "onCreated": "",
                "onMounted": "",
                "onInput": "",
                "onChange": "",
                "onFocus": "",
                "onBlur": "",
                "onValidate": "",
                "onAppendButtonClick": ""
              },
              "id": "input26692"
            }
          ],
          "options": {
            "name": "gridCol41439",
            "hidden": false,
            "span": 10,
            "offset": 0,
            "push": 1,
            "pull": 0,
            "responsive": false,
            "md": 12,
            "sm": 12,
            "xs": 12,
            "customClass": ""
          },
          "id": "grid-col-41439"
        },
        {
          "type": "grid-col",
          "category": "container",
          "icon": "grid-col",
          "internal": true,
          "widgetList": [
            {
              "key": 69878,
              "type": "input",
              "alias": "",
              "icon": "text-field",
              "formItemFlag": true,
              "options": {
                "name": "input36005",
                "label": "保管部门",
                "labelAlign": "",
                "type": "text",
                "defaultValue": "建业科技",
                "placeholder": "请选择",
                "columnWidth": "200px",
                "size": "",
                "labelWidth": null,
                "labelHidden": false,
                "readonly": false,
                "disabled": false,
                "hidden": false,
                "clearable": true,
                "showPassword": false,
                "required": true,
                "requiredHint": "请输入保管部门",
                "validation": "",
                "validationHint": "",
                "customClass": [],
                "labelIconClass": null,
                "labelIconPosition": "rear",
                "labelTooltip": null,
                "minLength": null,
                "maxLength": null,
                "showWordLimit": false,
                "prefixIcon": "",
                "suffixIcon": "",
                "appendButton": false,
                "appendButtonDisabled": false,
                "buttonIcon": "custom-search",
                "onCreated": "",
                "onMounted": "",
                "onInput": "",
                "onChange": "",
                "onFocus": "",
                "onBlur": "",
                "onValidate": "",
                "onAppendButtonClick": ""
              },
              "id": "input36005"
            }
          ],
          "options": {
            "name": "gridCol81302",
            "hidden": false,
            "span": 10,
            "offset": 0,
            "push": 3,
            "pull": 0,
            "responsive": false,
            "md": 12,
            "sm": 12,
            "xs": 12,
            "customClass": []
          },
          "id": "grid-col-81302"
        },
        {
          "type": "grid-col",
          "category": "container",
          "icon": "grid-col",
          "internal": true,
          "widgetList": [
            {
              "key": 93537,
              "type": "radio",
              "icon": "radio-field",
              "formItemFlag": true,
              "options": {
                "name": "radio100165",
                "label": "是否外显",
                "labelAlign": "",
                "defaultValue": 1,
                "columnWidth": "200px",
                "size": "",
                "displayStyle": "inline",
                "buttonStyle": false,
                "border": false,
                "labelWidth": null,
                "labelHidden": false,
                "disabled": false,
                "hidden": false,
                "dsEnabled": false,
                "dsName": "",
                "dataSetName": "",
                "labelKey": "label",
                "valueKey": "value",
                "optionItems": [
                  {
                    "label": "是",
                    "value": 1
                  },
                  {
                    "label": "否",
                    "value": 2
                  }
                ],
                "required": true,
                "requiredHint": "",
                "validation": "",
                "validationHint": "",
                "customClass": [],
                "labelIconClass": null,
                "labelIconPosition": "rear",
                "labelTooltip": null,
                "onCreated": "",
                "onMounted": "",
                "onChange": "",
                "onValidate": ""
              },
              "id": "radio100165"
            }
          ],
          "options": {
            "name": "gridCol17626",
            "hidden": false,
            "span": 10,
            "offset": 0,
            "push": 1,
            "pull": 0,
            "responsive": false,
            "md": 12,
            "sm": 12,
            "xs": 12,
            "customClass": ""
          },
          "id": "grid-col-17626"
        },
        {
          "type": "grid-col",
          "category": "container",
          "icon": "grid-col",
          "internal": true,
          "widgetList": [
            {
              "key": 69878,
              "type": "input",
              "alias": "",
              "icon": "text-field",
              "formItemFlag": true,
              "options": {
                "name": "input69700",
                "label": "印章状态",
                "labelAlign": "",
                "type": "text",
                "defaultValue": "正常",
                "placeholder": "",
                "columnWidth": "200px",
                "size": "",
                "labelWidth": null,
                "labelHidden": false,
                "readonly": false,
                "disabled": false,
                "hidden": false,
                "clearable": true,
                "showPassword": false,
                "required": true,
                "requiredHint": "",
                "validation": "",
                "validationHint": "",
                "customClass": [],
                "labelIconClass": null,
                "labelIconPosition": "rear",
                "labelTooltip": null,
                "minLength": null,
                "maxLength": null,
                "showWordLimit": false,
                "prefixIcon": "",
                "suffixIcon": "",
                "appendButton": false,
                "appendButtonDisabled": false,
                "buttonIcon": "custom-search",
                "onCreated": "",
                "onMounted": "",
                "onInput": "",
                "onChange": "",
                "onFocus": "",
                "onBlur": "",
                "onValidate": "",
                "onAppendButtonClick": ""
              },
              "id": "input69700"
            }
          ],
          "options": {
            "name": "gridCol59783",
            "hidden": false,
            "span": 10,
            "offset": 0,
            "push": 3,
            "pull": 0,
            "responsive": false,
            "md": 12,
            "sm": 12,
            "xs": 12,
            "customClass": []
          },
          "id": "grid-col-59783"
        },
        {
          "type": "grid-col",
          "category": "container",
          "icon": "grid-col",
          "internal": true,
          "widgetList": [
            {
              "key": 69878,
              "type": "input",
              "alias": "",
              "icon": "text-field",
              "formItemFlag": true,
              "options": {
                "name": "input46734",
                "label": "硬件版本号",
                "labelAlign": "",
                "type": "text",
                "defaultValue": "",
                "placeholder": "请输入",
                "columnWidth": "200px",
                "size": "",
                "labelWidth": null,
                "labelHidden": false,
                "readonly": false,
                "disabled": false,
                "hidden": false,
                "clearable": true,
                "showPassword": false,
                "required": false,
                "requiredHint": "",
                "validation": "",
                "validationHint": "",
                "customClass": [],
                "labelIconClass": null,
                "labelIconPosition": "rear",
                "labelTooltip": null,
                "minLength": null,
                "maxLength": null,
                "showWordLimit": false,
                "prefixIcon": "",
                "suffixIcon": "",
                "appendButton": false,
                "appendButtonDisabled": false,
                "buttonIcon": "custom-search",
                "onCreated": "",
                "onMounted": "",
                "onInput": "",
                "onChange": "",
                "onFocus": "",
                "onBlur": "",
                "onValidate": "",
                "onAppendButtonClick": ""
              },
              "id": "input46734"
            }
          ],
          "options": {
            "name": "gridCol23332",
            "hidden": false,
            "span": 10,
            "offset": 0,
            "push": 1,
            "pull": 0,
            "responsive": false,
            "md": 12,
            "sm": 12,
            "xs": 12,
            "customClass": []
          },
          "id": "grid-col-23332"
        },
        {
          "type": "grid-col",
          "category": "container",
          "icon": "grid-col",
          "internal": true,
          "widgetList": [
            {
              "key": 69878,
              "type": "input",
              "alias": "",
              "icon": "text-field",
              "formItemFlag": true,
              "options": {
                "name": "input105055",
                "label": "固件版本号",
                "labelAlign": "",
                "type": "text",
                "defaultValue": "",
                "placeholder": "请输入",
                "columnWidth": "200px",
                "size": "",
                "labelWidth": null,
                "labelHidden": false,
                "readonly": false,
                "disabled": false,
                "hidden": false,
                "clearable": true,
                "showPassword": false,
                "required": false,
                "requiredHint": "",
                "validation": "",
                "validationHint": "",
                "customClass": "",
                "labelIconClass": null,
                "labelIconPosition": "rear",
                "labelTooltip": null,
                "minLength": null,
                "maxLength": null,
                "showWordLimit": false,
                "prefixIcon": "",
                "suffixIcon": "",
                "appendButton": false,
                "appendButtonDisabled": false,
                "buttonIcon": "custom-search",
                "onCreated": "",
                "onMounted": "",
                "onInput": "",
                "onChange": "",
                "onFocus": "",
                "onBlur": "",
                "onValidate": "",
                "onAppendButtonClick": ""
              },
              "id": "input105055"
            }
          ],
          "options": {
            "name": "gridCol88850",
            "hidden": false,
            "span": 10,
            "offset": 0,
            "push": 3,
            "pull": 0,
            "responsive": false,
            "md": 12,
            "sm": 12,
            "xs": 12,
            "customClass": ""
          },
          "id": "grid-col-88850"
        },
        {
          "type": "grid-col",
          "category": "container",
          "icon": "grid-col",
          "internal": true,
          "widgetList": [
            {
              "key": 69878,
              "type": "input",
              "alias": "",
              "icon": "text-field",
              "formItemFlag": true,
              "options": {
                "name": "input5063",
                "label": "制度链接",
                "labelAlign": "",
                "type": "text",
                "defaultValue": "",
                "placeholder": "请输入http或https开头的网址链接，如https://www.zhangin.com",
                "columnWidth": "200px",
                "size": "",
                "labelWidth": null,
                "labelHidden": false,
                "readonly": false,
                "disabled": false,
                "hidden": false,
                "clearable": true,
                "showPassword": false,
                "required": false,
                "requiredHint": "",
                "validation": "",
                "validationHint": "",
                "customClass": [],
                "labelIconClass": null,
                "labelIconPosition": "rear",
                "labelTooltip": null,
                "minLength": null,
                "maxLength": null,
                "showWordLimit": false,
                "prefixIcon": "",
                "suffixIcon": "",
                "appendButton": false,
                "appendButtonDisabled": false,
                "buttonIcon": "custom-search",
                "onCreated": "",
                "onMounted": "",
                "onInput": "",
                "onChange": "",
                "onFocus": "",
                "onBlur": "",
                "onValidate": "",
                "onAppendButtonClick": ""
              },
              "id": "input5063"
            }
          ],
          "options": {
            "name": "gridCol77334",
            "hidden": false,
            "span": 22,
            "offset": 0,
            "push": 1,
            "pull": 0,
            "responsive": false,
            "md": 12,
            "sm": 12,
            "xs": 12,
            "customClass": []
          },
          "id": "grid-col-77334"
        },
        {
          "type": "grid-col",
          "category": "container",
          "icon": "grid-col",
          "internal": true,
          "widgetList": [
            {
              "key": 52909,
              "type": "rich-editor",
              "icon": "rich-editor-field",
              "formItemFlag": true,
              "options": {
                "name": "richeditor94232",
                "label": "备注",
                "labelAlign": "",
                "placeholder": "",
                "labelWidth": null,
                "labelHidden": false,
                "columnWidth": "200px",
                "contentHeight": "200px",
                "disabled": false,
                "hidden": false,
                "required": false,
                "requiredHint": "",
                "customRule": "",
                "customRuleHint": "",
                "customClass": [],
                "labelIconClass": null,
                "labelIconPosition": "rear",
                "labelTooltip": null,
                "minLength": null,
                "maxLength": null,
                "showWordLimit": false,
                "onCreated": "",
                "onMounted": "",
                "onValidate": ""
              },
              "id": "richeditor94232"
            }
          ],
          "options": {
            "name": "gridCol32060",
            "hidden": false,
            "span": 22,
            "offset": 0,
            "push": 1,
            "pull": 0,
            "responsive": false,
            "md": 12,
            "sm": 12,
            "xs": 12,
            "customClass": []
          },
          "id": "grid-col-32060"
        },
        {
          "type": "grid-col",
          "category": "container",
          "icon": "grid-col",
          "internal": true,
          "widgetList": [
            {
              "key": 102590,
              "type": "file-upload",
              "icon": "file-upload-field",
              "formItemFlag": true,
              "options": {
                "name": "fileupload105813",
                "label": "印模",
                "labelAlign": "",
                "labelWidth": null,
                "labelHidden": false,
                "columnWidth": "200px",
                "disabled": false,
                "hidden": false,
                "required": false,
                "requiredHint": "",
                "customRule": "",
                "customRuleHint": "",
                "uploadURL": "",
                "uploadTip": "",
                "withCredentials": false,
                "multipleSelect": false,
                "showFileList": true,
                "limit": 3,
                "fileMaxSize": 5,
                "fileTypes": [
                  "doc",
                  "docx",
                  "xls",
                  "xlsx"
                ],
                "customClass": [],
                "labelIconClass": null,
                "labelIconPosition": "rear",
                "labelTooltip": null,
                "onCreated": "",
                "onMounted": "",
                "onBeforeUpload": "",
                "onUploadSuccess": "",
                "onUploadError": "",
                "onFileRemove": "",
                "onValidate": ""
              },
              "id": "fileupload105813"
            }
          ],
          "options": {
            "name": "gridCol99246",
            "hidden": false,
            "span": 22,
            "offset": 0,
            "push": 1,
            "pull": 0,
            "responsive": false,
            "md": 12,
            "sm": 12,
            "xs": 12,
            "customClass": []
          },
          "id": "grid-col-99246"
        },
        {
          "type": "grid-col",
          "category": "container",
          "icon": "grid-col",
          "internal": true,
          "widgetList": [
            {
              "key": 55892,
              "type": "select",
              "icon": "select-field",
              "formItemFlag": true,
              "options": {
                "name": "select39691",
                "label": "印章可见范围",
                "labelAlign": "",
                "defaultValue": 1,
                "placeholder": "",
                "columnWidth": "200px",
                "size": "",
                "labelWidth": null,
                "labelHidden": false,
                "disabled": false,
                "hidden": false,
                "clearable": true,
                "filterable": false,
                "allowCreate": false,
                "remote": false,
                "automaticDropdown": false,
                "multiple": false,
                "multipleLimit": 0,
                "dsEnabled": false,
                "dsName": "",
                "dataSetName": "",
                "labelKey": "label",
                "valueKey": "value",
                "optionItems": [
                  {
                    "label": "全部人员可见",
                    "value": 1
                  },
                  {
                    "label": "本部门可见",
                    "value": 2
                  },
                  {
                    "label": "指定人员可见",
                    "value": 3
                  }
                ],
                "required": false,
                "requiredHint": "",
                "validation": "",
                "validationHint": "",
                "customClass": [],
                "labelIconClass": null,
                "labelIconPosition": "rear",
                "labelTooltip": null,
                "onCreated": "",
                "onMounted": "",
                "onRemoteQuery": "",
                "onChange": "",
                "onFocus": "",
                "onBlur": "",
                "onValidate": ""
              },
              "id": "select39691"
            }
          ],
          "options": {
            "name": "gridCol65143",
            "hidden": false,
            "span": 22,
            "offset": 0,
            "push": 1,
            "pull": 0,
            "responsive": false,
            "md": 12,
            "sm": 12,
            "xs": 12,
            "customClass": ""
          },
          "id": "grid-col-65143"
        }
      ],
      "options": {
        "name": "grid90215",
        "hidden": false,
        "gutter": 12,
        "colHeight": null,
        "customClass": []
      },
      "id": "grid90215"
    }
  ],
  "formConfig": {
    "modelName": "formData",
    "refName": "vForm",
    "rulesName": "rules",
    "labelWidth": 100,
    "labelPosition": "left",
    "size": "",
    "labelAlign": "label-left-align",
    "cssCode": "",
    "customClass": "",
    "functions": "",
    "layoutType": "PC",
    "jsonVersion": 3,
    "dataSources": [],
    "onFormCreated": "",
    "onFormMounted": "",
    "onFormDataChange": "",
    "onFormValidate": ""
  }
}