{"widgetList":[{"key":24490,"type":"static-text","icon":"static-text","formItemFlag":false,"options":{"name":"statictext12524","columnWidth":"200px","hidden":false,"textContent":"单据信息","customClass":[],"onCreated":"","onMounted":"","label":"static-text"},"id":"statictext12524"},{"key":55452,"type":"grid","alias":"","category":"container","icon":"grid","cols":[{"type":"grid-col","category":"container","icon":"grid-col","internal":true,"widgetList":[{"key":21471,"type":"input","alias":"","icon":"text-field","formItemFlag":true,"options":{"name":"input17258","label":"单据编号","labelAlign":"","type":"text","defaultValue":"2022122020321354","placeholder":"","columnWidth":"200px","size":"","labelWidth":null,"labelHidden":false,"readonly":false,"disabled":true,"hidden":false,"clearable":true,"showPassword":false,"required":false,"requiredHint":"","validation":"","validationHint":"","customClass":[],"labelIconClass":null,"labelIconPosition":"rear","labelTooltip":null,"minLength":null,"maxLength":null,"showWordLimit":false,"prefixIcon":"","suffixIcon":"","appendButton":false,"appendButtonDisabled":false,"buttonIcon":"custom-search","onCreated":"","onMounted":"","onInput":"","onChange":"","onFocus":"","onBlur":"","onValidate":"","onAppendButtonClick":""},"id":"input17258"}],"options":{"name":"gridCol25338","hidden":false,"span":12,"offset":0,"push":0,"pull":0,"responsive":false,"md":12,"sm":12,"xs":12,"customClass":""},"id":"grid-col-25338"},{"type":"grid-col","category":"container","icon":"grid-col","internal":true,"widgetList":[{"key":21471,"type":"input","alias":"","icon":"text-field","formItemFlag":true,"options":{"name":"input75031","label":"单据名称","labelAlign":"","type":"text","defaultValue":"测试单据001","placeholder":"","columnWidth":"200px","size":"","labelWidth":null,"labelHidden":false,"readonly":false,"disabled":true,"hidden":false,"clearable":true,"showPassword":false,"required":false,"requiredHint":"","validation":"","validationHint":"","customClass":"","labelIconClass":null,"labelIconPosition":"rear","labelTooltip":null,"minLength":null,"maxLength":null,"showWordLimit":false,"prefixIcon":"","suffixIcon":"","appendButton":false,"appendButtonDisabled":false,"buttonIcon":"custom-search","onCreated":"","onMounted":"","onInput":"","onChange":"","onFocus":"","onBlur":"","onValidate":"","onAppendButtonClick":""},"id":"input75031"}],"options":{"name":"gridCol105082","hidden":false,"span":12,"offset":0,"push":0,"pull":0,"responsive":false,"md":12,"sm":12,"xs":12,"customClass":""},"id":"grid-col-105082"}],"options":{"name":"grid36312","hidden":false,"gutter":12,"colHeight":null,"customClass":[]},"id":"grid36312"},{"key":24490,"type":"static-text","icon":"static-text","formItemFlag":false,"options":{"name":"statictext31072","columnWidth":"200px","hidden":false,"textContent":"发起人信息","customClass":"","onCreated":"","onMounted":"","label":"static-text"},"id":"statictext31072"},{"key":55452,"type":"grid","alias":"","category":"container","icon":"grid","cols":[{"type":"grid-col","category":"container","icon":"grid-col","internal":true,"widgetList":[{"key":21471,"type":"input","alias":"","icon":"text-field","formItemFlag":true,"options":{"name":"input18972","label":"发起人","labelAlign":"","type":"text","defaultValue":"马丽丽","placeholder":"","columnWidth":"200px","size":"","labelWidth":null,"labelHidden":false,"readonly":false,"disabled":true,"hidden":false,"clearable":true,"showPassword":false,"required":false,"requiredHint":"","validation":"","validationHint":"","customClass":[],"labelIconClass":null,"labelIconPosition":"rear","labelTooltip":null,"minLength":null,"maxLength":null,"showWordLimit":false,"prefixIcon":"","suffixIcon":"","appendButton":false,"appendButtonDisabled":false,"buttonIcon":"custom-search","onCreated":"","onMounted":"","onInput":"","onChange":"","onFocus":"","onBlur":"","onValidate":"","onAppendButtonClick":""},"id":"input18972"}],"options":{"name":"gridCol106383","hidden":false,"span":12,"offset":0,"push":0,"pull":0,"responsive":false,"md":12,"sm":12,"xs":12,"customClass":""},"id":"grid-col-106383"},{"type":"grid-col","category":"container","icon":"grid-col","internal":true,"widgetList":[{"key":21471,"type":"input","alias":"","icon":"text-field","formItemFlag":true,"options":{"name":"input105713","label":"所在部门","labelAlign":"","type":"text","defaultValue":"建业科技","placeholder":"","columnWidth":"200px","size":"","labelWidth":null,"labelHidden":false,"readonly":false,"disabled":true,"hidden":false,"clearable":true,"showPassword":false,"required":false,"requiredHint":"","validation":"","validationHint":"","customClass":"","labelIconClass":null,"labelIconPosition":"rear","labelTooltip":null,"minLength":null,"maxLength":null,"showWordLimit":false,"prefixIcon":"","suffixIcon":"","appendButton":false,"appendButtonDisabled":false,"buttonIcon":"custom-search","onCreated":"","onMounted":"","onInput":"","onChange":"","onFocus":"","onBlur":"","onValidate":"","onAppendButtonClick":""},"id":"input105713"}],"options":{"name":"gridCol45072","hidden":false,"span":12,"offset":0,"push":0,"pull":0,"responsive":false,"md":12,"sm":12,"xs":12,"customClass":""},"id":"grid-col-45072"}],"options":{"name":"grid80537","hidden":false,"gutter":12,"colHeight":null,"customClass":[]},"id":"grid80537"},{"key":55452,"type":"grid","alias":"","category":"container","icon":"grid","cols":[{"type":"grid-col","category":"container","icon":"grid-col","internal":true,"widgetList":[{"key":21471,"type":"input","alias":"","icon":"text-field","formItemFlag":true,"options":{"name":"input45483","label":"发起时间","labelAlign":"","type":"text","defaultValue":"2022-12-22:13:00:00","placeholder":"","columnWidth":"200px","size":"","labelWidth":null,"labelHidden":false,"readonly":false,"disabled":true,"hidden":false,"clearable":true,"showPassword":false,"required":false,"requiredHint":"","validation":"","validationHint":"","customClass":[],"labelIconClass":null,"labelIconPosition":"rear","labelTooltip":null,"minLength":null,"maxLength":null,"showWordLimit":false,"prefixIcon":"","suffixIcon":"","appendButton":false,"appendButtonDisabled":false,"buttonIcon":"custom-search","onCreated":"","onMounted":"","onInput":"","onChange":"","onFocus":"","onBlur":"","onValidate":"","onAppendButtonClick":""},"id":"input45483"}],"options":{"name":"gridCol40048","hidden":false,"span":12,"offset":0,"push":0,"pull":0,"responsive":false,"md":12,"sm":12,"xs":12,"customClass":""},"id":"grid-col-40048"},{"type":"grid-col","category":"container","icon":"grid-col","internal":true,"widgetList":[],"options":{"name":"gridCol92869","hidden":false,"span":12,"offset":0,"push":0,"pull":0,"responsive":false,"md":12,"sm":12,"xs":12,"customClass":""},"id":"grid-col-92869"}],"options":{"name":"grid43372","hidden":false,"gutter":12,"colHeight":null,"customClass":[]},"id":"grid43372"}],"formConfig":{"modelName":"formData","refName":"vForm","rulesName":"rules","labelWidth":80,"labelPosition":"left","size":"","labelAlign":"label-left-align","cssCode":"","customClass":"","functions":"","layoutType":"PC","jsonVersion":3,"dataSources":[],"onFormCreated":"","onFormMounted":"","onFormDataChange":"","onFormValidate":""}}