{"widgetList":[{"key":107732,"type":"radio","icon":"radio-field","formItemFlag":true,"options":{"name":"radio47491","label":"用印情况","labelAlign":"","defaultValue":1,"columnWidth":"200px","size":"","displayStyle":"inline","buttonStyle":false,"border":false,"labelWidth":null,"labelHidden":false,"disabled":false,"hidden":false,"dsEnabled":false,"dsName":"","dataSetName":"","labelKey":"label","valueKey":"value","optionItems":[{"label":"正常","value":1},{"label":"异常","value":2}],"required":false,"requiredHint":"","validation":"","validationHint":"","customClass":[],"labelIconClass":null,"labelIconPosition":"rear","labelTooltip":null,"onCreated":"","onMounted":"","onChange":"","onValidate":""},"id":"radio47491"},{"key":24280,"type":"textarea","icon":"textarea-field","formItemFlag":true,"options":{"name":"textarea98706","label":"异常说明","labelAlign":"","rows":3,"defaultValue":"","placeholder":"请输入","columnWidth":"200px","size":"","labelWidth":null,"labelHidden":false,"readonly":false,"disabled":false,"hidden":false,"required":true,"requiredHint":"请输入异常说明","validation":"","validationHint":"","customClass":"","labelIconClass":null,"labelIconPosition":"rear","labelTooltip":null,"minLength":null,"maxLength":null,"showWordLimit":false,"onCreated":"","onMounted":"","onInput":"","onChange":"","onFocus":"","onBlur":"","onValidate":""},"id":"textarea98706"}],"formConfig":{"modelName":"formData","refName":"vForm","rulesName":"rules","labelWidth":80,"labelPosition":"left","size":"","labelAlign":"label-left-align","cssCode":"","customClass":"","functions":"","layoutType":"PC","jsonVersion":3,"dataSources":[],"onFormCreated":"","onFormMounted":"","onFormDataChange":"","onFormValidate":""}}