{"widgetList":[{"key":60504,"type":"grid","alias":"","category":"container","icon":"grid","cols":[{"type":"grid-col","category":"container","icon":"grid-col","internal":true,"widgetList":[{"key":41481,"type":"input","alias":"","icon":"text-field","formItemFlag":true,"options":{"name":"input39399","label":"印章编码","labelAlign":"","type":"text","defaultValue":"202212202136545","placeholder":"","columnWidth":"200px","size":"","labelWidth":null,"labelHidden":false,"readonly":false,"disabled":true,"hidden":false,"clearable":true,"showPassword":false,"required":false,"requiredHint":"","validation":"","validationHint":"","customClass":[],"labelIconClass":null,"labelIconPosition":"rear","labelTooltip":null,"minLength":null,"maxLength":null,"showWordLimit":false,"prefixIcon":"","suffixIcon":"","appendButton":false,"appendButtonDisabled":false,"buttonIcon":"custom-search","onCreated":"","onMounted":"","onInput":"","onChange":"","onFocus":"","onBlur":"","onValidate":"","onAppendButtonClick":""},"id":"input39399"}],"options":{"name":"gridCol105584","hidden":false,"span":12,"offset":0,"push":0,"pull":0,"responsive":false,"md":12,"sm":12,"xs":12,"customClass":""},"id":"grid-col-105584"},{"type":"grid-col","category":"container","icon":"grid-col","internal":true,"widgetList":[],"options":{"name":"gridCol94191","hidden":false,"span":12,"offset":0,"push":0,"pull":0,"responsive":false,"md":12,"sm":12,"xs":12,"customClass":""},"id":"grid-col-94191"}],"options":{"name":"grid95645","hidden":false,"gutter":12,"colHeight":null,"customClass":[]},"id":"grid95645"},{"key":60504,"type":"grid","alias":"","category":"container","icon":"grid","cols":[{"type":"grid-col","category":"container","icon":"grid-col","internal":true,"widgetList":[{"key":41481,"type":"input","alias":"","icon":"text-field","formItemFlag":true,"options":{"name":"input31036","label":"印章全程","labelAlign":"","type":"text","defaultValue":"243测试章","placeholder":"","columnWidth":"200px","size":"","labelWidth":null,"labelHidden":false,"readonly":false,"disabled":true,"hidden":false,"clearable":true,"showPassword":false,"required":false,"requiredHint":"","validation":"","validationHint":"","customClass":"","labelIconClass":null,"labelIconPosition":"rear","labelTooltip":null,"minLength":null,"maxLength":null,"showWordLimit":false,"prefixIcon":"","suffixIcon":"","appendButton":false,"appendButtonDisabled":false,"buttonIcon":"custom-search","onCreated":"","onMounted":"","onInput":"","onChange":"","onFocus":"","onBlur":"","onValidate":"","onAppendButtonClick":""},"id":"input31036"}],"options":{"name":"gridCol100025","hidden":false,"span":12,"offset":0,"push":0,"pull":0,"responsive":false,"md":12,"sm":12,"xs":12,"customClass":""},"id":"grid-col-100025"},{"type":"grid-col","category":"container","icon":"grid-col","internal":true,"widgetList":[{"key":41481,"type":"input","alias":"","icon":"text-field","formItemFlag":true,"options":{"name":"input52020","label":"印章简称","labelAlign":"","type":"text","defaultValue":"243测试章","placeholder":"","columnWidth":"200px","size":"","labelWidth":null,"labelHidden":false,"readonly":false,"disabled":true,"hidden":false,"clearable":true,"showPassword":false,"required":false,"requiredHint":"","validation":"","validationHint":"","customClass":"","labelIconClass":null,"labelIconPosition":"rear","labelTooltip":null,"minLength":null,"maxLength":null,"showWordLimit":false,"prefixIcon":"","suffixIcon":"","appendButton":false,"appendButtonDisabled":false,"buttonIcon":"custom-search","onCreated":"","onMounted":"","onInput":"","onChange":"","onFocus":"","onBlur":"","onValidate":"","onAppendButtonClick":""},"id":"input52020"}],"options":{"name":"gridCol77680","hidden":false,"span":12,"offset":0,"push":0,"pull":0,"responsive":false,"md":12,"sm":12,"xs":12,"customClass":""},"id":"grid-col-77680"}],"options":{"name":"grid108592","hidden":false,"gutter":12,"colHeight":null,"customClass":[]},"id":"grid108592"},{"key":60504,"type":"grid","alias":"","category":"container","icon":"grid","cols":[{"type":"grid-col","category":"container","icon":"grid-col","internal":true,"widgetList":[{"key":41481,"type":"input","alias":"","icon":"text-field","formItemFlag":true,"options":{"name":"input109651","label":"归还人","labelAlign":"","type":"text","defaultValue":"","placeholder":"请输入","columnWidth":"200px","size":"","labelWidth":null,"labelHidden":false,"readonly":false,"disabled":false,"hidden":false,"clearable":true,"showPassword":false,"required":true,"requiredHint":"请输填写归还人","validation":"","validationHint":"","customClass":[],"labelIconClass":null,"labelIconPosition":"rear","labelTooltip":null,"minLength":null,"maxLength":null,"showWordLimit":false,"prefixIcon":"","suffixIcon":"","appendButton":false,"appendButtonDisabled":false,"buttonIcon":"custom-search","onCreated":"","onMounted":"","onInput":"","onChange":"","onFocus":"","onBlur":"","onValidate":"","onAppendButtonClick":""},"id":"input109651"}],"options":{"name":"gridCol100871","hidden":false,"span":15,"offset":0,"push":0,"pull":0,"responsive":false,"md":12,"sm":12,"xs":12,"customClass":[]},"id":"grid-col-100871"}],"options":{"name":"grid46655","hidden":false,"gutter":12,"colHeight":null,"customClass":[]},"id":"grid46655"},{"key":60504,"type":"grid","alias":"","category":"container","icon":"grid","cols":[{"type":"grid-col","category":"container","icon":"grid-col","internal":true,"widgetList":[{"key":94338,"type":"date","icon":"date-field","formItemFlag":true,"options":{"name":"date57911","label":"归还时间","labelAlign":"","type":"date","defaultValue":null,"placeholder":"请选择时间","columnWidth":"200px","size":"","autoFullWidth":true,"labelWidth":null,"labelHidden":false,"readonly":false,"disabled":false,"hidden":false,"clearable":true,"editable":false,"format":"YYYY-MM-DD","valueFormat":"YYYY-MM-DD","required":true,"requiredHint":"请选择归还时间","validation":"","validationHint":"","customClass":[],"labelIconClass":null,"labelIconPosition":"rear","labelTooltip":null,"onCreated":"","onMounted":"","onChange":"","onFocus":"","onBlur":"","onValidate":""},"id":"date57911"}],"options":{"name":"gridCol116478","hidden":false,"span":8,"offset":0,"push":0,"pull":0,"responsive":false,"md":12,"sm":12,"xs":12,"customClass":[]},"id":"grid-col-116478"}],"options":{"name":"grid65351","hidden":false,"gutter":12,"colHeight":null,"customClass":[]},"id":"grid65351"},{"key":60504,"type":"grid","alias":"","category":"container","icon":"grid","cols":[{"type":"grid-col","category":"container","icon":"grid-col","internal":true,"widgetList":[{"key":97948,"type":"textarea","icon":"textarea-field","formItemFlag":true,"options":{"name":"textarea66606","label":"备注","labelAlign":"","rows":3,"defaultValue":"","placeholder":"请输入","columnWidth":"200px","size":"","labelWidth":null,"labelHidden":false,"readonly":false,"disabled":false,"hidden":false,"required":false,"requiredHint":"","validation":"","validationHint":"","customClass":[],"labelIconClass":null,"labelIconPosition":"rear","labelTooltip":null,"minLength":null,"maxLength":null,"showWordLimit":false,"onCreated":"","onMounted":"","onInput":"","onChange":"","onFocus":"","onBlur":"","onValidate":""},"id":"textarea66606"}],"options":{"name":"gridCol19004","hidden":false,"span":15,"offset":0,"push":0,"pull":0,"responsive":false,"md":12,"sm":12,"xs":12,"customClass":""},"id":"grid-col-19004"}],"options":{"name":"grid89354","hidden":false,"gutter":12,"colHeight":null,"customClass":""},"id":"grid89354"}],"formConfig":{"modelName":"formData","refName":"vForm","rulesName":"rules","labelWidth":110,"labelPosition":"left","size":"","labelAlign":"label-right-align","cssCode":"","customClass":[],"functions":"","layoutType":"PC","jsonVersion":3,"dataSources":[],"onFormCreated":"","onFormMounted":"","onFormDataChange":""}}