{
  "widgetList": [
    {
      "key": 94380,
      "type": "grid",
      "alias": "",
      "category": "container",
      "icon": "grid",
      "cols": [
        {
          "type": "grid-col",
          "category": "container",
          "icon": "grid-col",
          "internal": true,
          "widgetList": [
            {
              "key": 69878,
              "type": "input",
              "alias": "",
              "icon": "text-field",
              "formItemFlag": true,
              "options": {
                "name": "input91513",
                "label": "文件名称",
                "labelAlign": "",
                "type": "text",
                "defaultValue": "",
                "placeholder": "请输入",
                "columnWidth": "200px",
                "size": "",
                "labelWidth": null,
                "labelHidden": false,
                "readonly": false,
                "disabled": false,
                "hidden": false,
                "clearable": true,
                "showPassword": false,
                "required": true,
                "requiredHint": "请输入文件名称",
                "validation": "",
                "validationHint": "",
                "customClass": [],
                "labelIconClass": null,
                "labelIconPosition": "rear",
                "labelTooltip": null,
                "minLength": null,
                "maxLength": null,
                "showWordLimit": false,
                "prefixIcon": "",
                "suffixIcon": "",
                "appendButton": false,
                "appendButtonDisabled": false,
                "buttonIcon": "custom-search",
                "onCreated": "",
                "onMounted": "",
                "onInput": "",
                "onChange": "",
                "onFocus": "",
                "onBlur": "",
                "onValidate": "",
                "onAppendButtonClick": ""
              },
              "id": "input91513"
            }
          ],
          "options": {
            "name": "gridCol50634",
            "hidden": false,
            "span": 10,
            "offset": 0,
            "push": 1,
            "pull": 0,
            "responsive": false,
            "md": 12,
            "sm": 12,
            "xs": 12,
            "customClass": []
          },
          "id": "grid-col-50634"
        },
        {
          "type": "grid-col",
          "category": "container",
          "icon": "grid-col",
          "internal": true,
          "widgetList": [
            {
              "key": 69878,
              "type": "input",
              "alias": "",
              "icon": "text-field",
              "formItemFlag": true,
              "options": {
                "name": "input89202",
                "label": "用印编码",
                "labelAlign": "",
                "type": "text",
                "defaultValue": "20221213150958491523",
                "placeholder": "",
                "columnWidth": "200px",
                "size": "",
                "labelWidth": null,
                "labelHidden": false,
                "readonly": false,
                "disabled": false,
                "hidden": false,
                "clearable": true,
                "showPassword": false,
                "required": true,
                "requiredHint": "",
                "validation": "number",
                "validationHint": "",
                "customClass": "",
                "labelIconClass": null,
                "labelIconPosition": "rear",
                "labelTooltip": null,
                "minLength": null,
                "maxLength": null,
                "showWordLimit": false,
                "prefixIcon": "",
                "suffixIcon": "",
                "appendButton": false,
                "appendButtonDisabled": false,
                "buttonIcon": "custom-search",
                "onCreated": "",
                "onMounted": "",
                "onInput": "",
                "onChange": "",
                "onFocus": "",
                "onBlur": "",
                "onValidate": "",
                "onAppendButtonClick": ""
              },
              "id": "input89202"
            }
          ],
          "options": {
            "name": "gridCol41630",
            "hidden": false,
            "span": 10,
            "offset": 0,
            "push": 3,
            "pull": 0,
            "responsive": false,
            "md": 12,
            "sm": 12,
            "xs": 12,
            "customClass": []
          },
          "id": "grid-col-41630"
        }
      ],
      "options": {
        "name": "grid94727",
        "hidden": false,
        "gutter": 12,
        "colHeight": "35",
        "customClass": []
      },
      "id": "grid94727"
    },
    {
      "type": "grid",
      "alias": "",
      "category": "container",
      "icon": "grid",
      "cols": [
        {
          "type": "grid-col",
          "category": "container",
          "icon": "grid-col",
          "internal": true,
          "widgetList": [
            {
              "key": 55892,
              "type": "select",
              "icon": "select-field",
              "formItemFlag": true,
              "options": {
                "name": "select99402",
                "label": "文件类型",
                "labelAlign": "",
                "defaultValue": "",
                "placeholder": "",
                "columnWidth": "200px",
                "size": "",
                "labelWidth": null,
                "labelHidden": false,
                "disabled": false,
                "hidden": false,
                "clearable": true,
                "filterable": false,
                "allowCreate": false,
                "remote": false,
                "automaticDropdown": false,
                "multiple": false,
                "multipleLimit": 0,
                "dsEnabled": false,
                "dsName": "",
                "dataSetName": "",
                "labelKey": "labelType",
                "valueKey": "valueType",
                "optionItems": [
                  {
                    "label": "审批测试",
                    "value": 1
                  },
                  {
                    "label": "批量盖章",
                    "value": 2
                  }
                ],
                "required": true,
                "requiredHint": "请选择文件类型",
                "validation": "",
                "validationHint": "",
                "customClass": [],
                "labelIconClass": null,
                "labelIconPosition": "rear",
                "labelTooltip": null,
                "onCreated": "",
                "onMounted": "",
                "onRemoteQuery": "",
                "onChange": "",
                "onFocus": "",
                "onBlur": "",
                "onValidate": ""
              },
              "id": "select99402"
            }
          ],
          "options": {
            "name": "gridCol113937",
            "hidden": false,
            "span": 10,
            "offset": 0,
            "push": 1,
            "pull": 0,
            "responsive": false,
            "md": 12,
            "sm": 12,
            "xs": 12,
            "customClass": []
          },
          "id": "grid-col-113937"
        },
        {
          "type": "grid-col",
          "category": "container",
          "icon": "grid-col",
          "internal": true,
          "widgetList": [
            {
              "key": 93537,
              "type": "radio",
              "icon": "radio-field",
              "formItemFlag": true,
              "options": {
                "name": "types",
                "label": "用印类型",
                "labelAlign": "",
                "defaultValue": 1,
                "columnWidth": "200px",
                "size": "",
                "displayStyle": "inline",
                "buttonStyle": false,
                "border": false,
                "labelWidth": null,
                "labelHidden": false,
                "disabled": false,
                "hidden": false,
                "dsEnabled": false,
                "dsName": "",
                "dataSetName": "",
                "labelKey": "labelRadio",
                "valueKey": "valueRadio",
                "optionItems": [
                  {
                    "label": "实体章",
                    "value": 1
                  },
                  {
                    "label": "电子印章",
                    "value": 2
                  }
                ],
                "required": true,
                "requiredHint": "",
                "validation": "",
                "validationHint": "",
                "customClass": [],
                "labelIconClass": null,
                "labelIconPosition": "rear",
                "labelTooltip": null,
                "onCreated": "",
                "onMounted": "",
                "onChange": "var electronicSealWidget = this.getWidgetRef('infoBox')\nvar infoSealWidget = this.getWidgetRef('SignBox')\nif (value === 1) {\n  electronicSealWidget.setHidden(false)\n  infoSealWidget.setHidden(true)\n} else {\n  electronicSealWidget.setHidden(true)\n  infoSealWidget.setHidden(false)\n}",
                "onValidate": ""
              },
              "id": "radio57868"
            }
          ],
          "options": {
            "name": "gridCol77102",
            "hidden": false,
            "span": 10,
            "offset": 0,
            "push": 3,
            "pull": 0,
            "responsive": false,
            "md": 12,
            "sm": 12,
            "xs": 12,
            "customClass": []
          },
          "id": "grid-col-77102"
        }
      ],
      "options": {
        "name": "grid106982",
        "hidden": false,
        "gutter": 12,
        "colHeight": "40",
        "customClass": []
      },
      "id": "grid106982"
    },
    {
      "type": "grid",
      "alias": "",
      "category": "container",
      "icon": "grid",
      "cols": [
        {
          "type": "grid-col",
          "category": "container",
          "icon": "grid-col",
          "internal": true,
          "widgetList": [
            {
              "key": 69878,
              "type": "input",
              "alias": "",
              "icon": "text-field",
              "formItemFlag": true,
              "options": {
                "name": "input100917",
                "label": "文件份数",
                "labelAlign": "",
                "type": "text",
                "defaultValue": "1",
                "placeholder": "请输入",
                "columnWidth": "200px",
                "size": "",
                "labelWidth": null,
                "labelHidden": false,
                "readonly": false,
                "disabled": false,
                "hidden": false,
                "clearable": true,
                "showPassword": false,
                "required": true,
                "requiredHint": "请输入文件份数",
                "validation": "number",
                "validationHint": "",
                "customClass": [],
                "labelIconClass": null,
                "labelIconPosition": "rear",
                "labelTooltip": null,
                "minLength": null,
                "maxLength": null,
                "showWordLimit": false,
                "prefixIcon": "",
                "suffixIcon": "",
                "appendButton": false,
                "appendButtonDisabled": false,
                "buttonIcon": "custom-search",
                "onCreated": "",
                "onMounted": "",
                "onInput": "",
                "onChange": "",
                "onFocus": "",
                "onBlur": "",
                "onValidate": "",
                "onAppendButtonClick": ""
              },
              "id": "input100917"
            }
          ],
          "options": {
            "name": "gridCol81292",
            "hidden": false,
            "span": 10,
            "offset": 0,
            "push": 1,
            "pull": 0,
            "responsive": false,
            "md": 12,
            "sm": 12,
            "xs": 12,
            "customClass": ""
          },
          "id": "grid-col-81292"
        }
      ],
      "options": {
        "name": "grid17771",
        "hidden": false,
        "gutter": 12,
        "colHeight": "40",
        "customClass": ""
      },
      "id": "grid17771"
    },
    {
      "type": "grid",
      "alias": "",
      "category": "container",
      "icon": "grid",
      "cols": [
        {
          "type": "grid-col",
          "category": "container",
          "icon": "grid-col",
          "internal": true,
          "widgetList": [
            {
              "key": 69878,
              "type": "input",
              "alias": "",
              "icon": "text-field",
              "formItemFlag": true,
              "options": {
                "name": "input41596",
                "label": "往来单位",
                "labelAlign": "",
                "type": "text",
                "defaultValue": "",
                "placeholder": "请选择",
                "columnWidth": "200px",
                "size": "",
                "labelWidth": null,
                "labelHidden": false,
                "readonly": true,
                "disabled": false,
                "hidden": false,
                "clearable": true,
                "showPassword": false,
                "required": true,
                "requiredHint": "请选择往来单位",
                "validation": "",
                "validationHint": "",
                "customClass": [],
                "labelIconClass": null,
                "labelIconPosition": "rear",
                "labelTooltip": null,
                "minLength": null,
                "maxLength": null,
                "showWordLimit": false,
                "prefixIcon": "",
                "suffixIcon": "",
                "appendButton": true,
                "appendButtonDisabled": false,
                "buttonIcon": "custom-search",
                "onCreated": "",
                "onMounted": "",
                "onInput": "",
                "onChange": "",
                "onFocus": "",
                "onBlur": "",
                "onValidate": "",
                "onAppendButtonClick": ""
              },
              "id": "input41596"
            }
          ],
          "options": {
            "name": "gridCol74149",
            "hidden": false,
            "span": 10,
            "offset": 0,
            "push": 1,
            "pull": 0,
            "responsive": false,
            "md": 12,
            "sm": 12,
            "xs": 12,
            "customClass": []
          },
          "id": "grid-col-74149"
        },
        {
          "type": "grid-col",
          "category": "container",
          "icon": "grid-col",
          "internal": true,
          "widgetList": [
            {
              "key": 69878,
              "type": "input",
              "alias": "",
              "icon": "text-field",
              "formItemFlag": true,
              "options": {
                "name": "input77420",
                "label": "金额",
                "labelAlign": "",
                "type": "text",
                "defaultValue": "",
                "placeholder": "请输入",
                "columnWidth": "200px",
                "size": "",
                "labelWidth": null,
                "labelHidden": false,
                "readonly": false,
                "disabled": false,
                "hidden": false,
                "clearable": true,
                "showPassword": false,
                "required": true,
                "requiredHint": "请输入金额",
                "validation": "",
                "validationHint": "",
                "customClass": [],
                "labelIconClass": null,
                "labelIconPosition": "rear",
                "labelTooltip": null,
                "minLength": null,
                "maxLength": null,
                "showWordLimit": false,
                "prefixIcon": "",
                "suffixIcon": "",
                "appendButton": false,
                "appendButtonDisabled": false,
                "buttonIcon": "custom-search",
                "onCreated": "",
                "onMounted": "",
                "onInput": "",
                "onChange": "",
                "onFocus": "",
                "onBlur": "",
                "onValidate": "",
                "onAppendButtonClick": ""
              },
              "id": "input77420"
            }
          ],
          "options": {
            "name": "gridCol69544",
            "hidden": false,
            "span": 6,
            "offset": 0,
            "push": 3,
            "pull": 0,
            "responsive": false,
            "md": 12,
            "sm": 12,
            "xs": 12,
            "customClass": []
          },
          "id": "grid-col-69544"
        },
        {
          "type": "grid-col",
          "category": "container",
          "icon": "grid-col",
          "internal": true,
          "widgetList": [
            {
              "key": 55892,
              "type": "select",
              "icon": "select-field",
              "formItemFlag": true,
              "options": {
                "name": "select101553",
                "label": "select",
                "labelAlign": "",
                "defaultValue": 1,
                "placeholder": "",
                "columnWidth": "200px",
                "size": "",
                "labelWidth": null,
                "labelHidden": true,
                "disabled": false,
                "hidden": false,
                "clearable": true,
                "filterable": false,
                "allowCreate": false,
                "remote": false,
                "automaticDropdown": false,
                "multiple": false,
                "multipleLimit": 0,
                "dsEnabled": false,
                "dsName": "",
                "dataSetName": "",
                "labelKey": "label",
                "valueKey": "value",
                "optionItems": [
                  {
                    "label": "人民币",
                    "value": 1
                  },
                  {
                    "label": "美元",
                    "value": 2
                  }
                ],
                "required": false,
                "requiredHint": "",
                "validation": "",
                "validationHint": "",
                "customClass": [],
                "labelIconClass": null,
                "labelIconPosition": "rear",
                "labelTooltip": null,
                "onCreated": "",
                "onMounted": "",
                "onRemoteQuery": "",
                "onChange": "",
                "onFocus": "",
                "onBlur": "",
                "onValidate": ""
              },
              "id": "select101553"
            }
          ],
          "options": {
            "name": "gridCol41808",
            "hidden": false,
            "span": 4,
            "offset": 0,
            "push": 3,
            "pull": 0,
            "responsive": false,
            "md": 12,
            "sm": 12,
            "xs": 12,
            "customClass": ""
          },
          "id": "grid-col-41808"
        }
      ],
      "options": {
        "name": "grid57724",
        "hidden": false,
        "gutter": 12,
        "colHeight": "40",
        "customClass": []
      },
      "id": "grid57724"
    },
    {
      "type": "grid",
      "alias": "",
      "category": "container",
      "icon": "grid",
      "cols": [
        {
          "type": "grid-col",
          "category": "container",
          "icon": "grid-col",
          "internal": true,
          "widgetList": [
            {
              "key": 23667,
              "type": "textarea",
              "icon": "textarea-field",
              "formItemFlag": true,
              "options": {
                "name": "textarea79685",
                "label": "申请事由",
                "labelAlign": "",
                "rows": 3,
                "defaultValue": "",
                "placeholder": "请输入",
                "columnWidth": "200px",
                "size": "",
                "labelWidth": null,
                "labelHidden": false,
                "readonly": false,
                "disabled": false,
                "hidden": false,
                "required": false,
                "requiredHint": "",
                "validation": "",
                "validationHint": "",
                "customClass": [],
                "labelIconClass": null,
                "labelIconPosition": "rear",
                "labelTooltip": null,
                "minLength": null,
                "maxLength": null,
                "showWordLimit": false,
                "onCreated": "",
                "onMounted": "",
                "onInput": "",
                "onChange": "",
                "onFocus": "",
                "onBlur": "",
                "onValidate": ""
              },
              "id": "textarea79685"
            }
          ],
          "options": {
            "name": "gridCol66346",
            "hidden": false,
            "span": 22,
            "offset": 0,
            "push": 1,
            "pull": 0,
            "responsive": false,
            "md": 12,
            "sm": 12,
            "xs": 12,
            "customClass": []
          },
          "id": "grid-col-66346"
        }
      ],
      "options": {
        "name": "grid69378",
        "hidden": false,
        "gutter": 16,
        "colHeight": "80",
        "customClass": []
      },
      "id": "grid69378"
    },
    {
      "key": 94380,
      "type": "grid",
      "alias": "",
      "category": "container",
      "icon": "grid",
      "cols": [
        {
          "type": "grid-col",
          "category": "container",
          "icon": "grid-col",
          "internal": true,
          "widgetList": [
            {
              "key": 116908,
              "type": "static-text",
              "icon": "static-text",
              "formItemFlag": false,
              "options": {
                "name": "entitySealTitle",
                "columnWidth": "200px",
                "hidden": false,
                "textContent": "印章信息",
                "customClass": [],
                "onCreated": "",
                "onMounted": "",
                "label": "static-text"
              },
              "id": "statictext42177"
            }
          ],
          "options": {
            "name": "gridCol103620",
            "hidden": false,
            "span": 10,
            "offset": 0,
            "push": 0,
            "pull": 0,
            "responsive": false,
            "md": 12,
            "sm": 12,
            "xs": 12,
            "customClass": []
          },
          "id": "grid-col-103620"
        },
        {
          "type": "grid-col",
          "category": "container",
          "icon": "grid-col",
          "internal": true,
          "widgetList": [],
          "options": {
            "name": "gridCol51585",
            "hidden": false,
            "span": 10,
            "offset": 0,
            "push": 2,
            "pull": 0,
            "responsive": false,
            "md": 12,
            "sm": 12,
            "xs": 12,
            "customClass": ""
          },
          "id": "grid-col-51585"
        },
        {
          "type": "grid-col",
          "category": "container",
          "icon": "grid-col",
          "internal": true,
          "widgetList": [
            {
              "key": 69878,
              "type": "input",
              "alias": "",
              "icon": "text-field",
              "formItemFlag": true,
              "options": {
                "name": "input62558",
                "label": "印章名称",
                "labelAlign": "",
                "type": "text",
                "defaultValue": "",
                "placeholder": "请选择",
                "columnWidth": "200px",
                "size": "",
                "labelWidth": null,
                "labelHidden": false,
                "readonly": true,
                "disabled": false,
                "hidden": false,
                "clearable": true,
                "showPassword": false,
                "required": true,
                "requiredHint": "请输入印章名称",
                "validation": "",
                "validationHint": "",
                "customClass": [],
                "labelIconClass": null,
                "labelIconPosition": "rear",
                "labelTooltip": null,
                "minLength": null,
                "maxLength": null,
                "showWordLimit": false,
                "prefixIcon": "",
                "suffixIcon": "",
                "appendButton": false,
                "appendButtonDisabled": false,
                "buttonIcon": "custom-search",
                "onCreated": "",
                "onMounted": "",
                "onInput": "",
                "onChange": "",
                "onFocus": "",
                "onBlur": "",
                "onValidate": "",
                "onAppendButtonClick": ""
              },
              "id": "input62558"
            }
          ],
          "options": {
            "name": "gridCol82656",
            "hidden": false,
            "span": 10,
            "offset": 0,
            "push": 1,
            "pull": 0,
            "responsive": false,
            "md": 12,
            "sm": 12,
            "xs": 12,
            "customClass": []
          },
          "id": "grid-col-82656"
        },
        {
          "type": "grid-col",
          "category": "container",
          "icon": "grid-col",
          "internal": true,
          "widgetList": [
            {
              "key": 69878,
              "type": "input",
              "alias": "",
              "icon": "text-field",
              "formItemFlag": true,
              "options": {
                "name": "input83415",
                "label": "常规盖章",
                "labelAlign": "",
                "type": "text",
                "defaultValue": "",
                "placeholder": "请输入",
                "columnWidth": "200px",
                "size": "",
                "labelWidth": null,
                "labelHidden": false,
                "readonly": false,
                "disabled": false,
                "hidden": false,
                "clearable": true,
                "showPassword": false,
                "required": false,
                "requiredHint": "",
                "validation": "",
                "validationHint": "",
                "customClass": [],
                "labelIconClass": null,
                "labelIconPosition": "rear",
                "labelTooltip": null,
                "minLength": null,
                "maxLength": null,
                "showWordLimit": false,
                "prefixIcon": "",
                "suffixIcon": "",
                "appendButton": false,
                "appendButtonDisabled": false,
                "buttonIcon": "custom-search",
                "onCreated": "",
                "onMounted": "",
                "onInput": "",
                "onChange": "",
                "onFocus": "",
                "onBlur": "",
                "onValidate": "",
                "onAppendButtonClick": ""
              },
              "id": "input83415"
            }
          ],
          "options": {
            "name": "gridCol60043",
            "hidden": false,
            "span": 10,
            "offset": 0,
            "push": 2,
            "pull": 0,
            "responsive": false,
            "md": 12,
            "sm": 12,
            "xs": 12,
            "customClass": ""
          },
          "id": "grid-col-60043"
        },
        {
          "type": "grid-col",
          "category": "container",
          "icon": "grid-col",
          "internal": true,
          "widgetList": [
            {
              "key": 61991,
              "type": "checkbox",
              "icon": "checkbox-field",
              "formItemFlag": true,
              "options": {
                "name": "checkbox44508",
                "label": "印章外带",
                "labelAlign": "",
                "defaultValue": [],
                "columnWidth": "200px",
                "size": "",
                "displayStyle": "inline",
                "buttonStyle": false,
                "border": false,
                "labelWidth": null,
                "labelHidden": false,
                "disabled": false,
                "hidden": false,
                "dsEnabled": false,
                "dsName": "",
                "dataSetName": "",
                "labelKey": "label",
                "valueKey": "value",
                "optionItems": [
                  {
                    "label": "",
                    "value": 1
                  }
                ],
                "required": false,
                "requiredHint": "",
                "validation": "",
                "validationHint": "",
                "customClass": [],
                "labelIconClass": null,
                "labelIconPosition": "rear",
                "labelTooltip": null,
                "onCreated": "",
                "onMounted": "",
                "onChange": "",
                "onValidate": ""
              },
              "id": "checkbox44508"
            }
          ],
          "options": {
            "name": "gridCol53285",
            "hidden": false,
            "span": 10,
            "offset": 0,
            "push": 1,
            "pull": 0,
            "responsive": false,
            "md": 12,
            "sm": 12,
            "xs": 12,
            "customClass": ""
          },
          "id": "grid-col-53285"
        },
        {
          "type": "grid-col",
          "category": "container",
          "icon": "grid-col",
          "internal": true,
          "widgetList": [],
          "options": {
            "name": "gridCol46802",
            "hidden": false,
            "span": 10,
            "offset": 0,
            "push": 2,
            "pull": 0,
            "responsive": false,
            "md": 12,
            "sm": 12,
            "xs": 12,
            "customClass": []
          },
          "id": "grid-col-46802"
        },
        {
          "type": "grid-col",
          "category": "container",
          "icon": "grid-col",
          "internal": true,
          "widgetList": [
            {
              "key": 102590,
              "type": "file-upload",
              "icon": "file-upload-field",
              "formItemFlag": true,
              "options": {
                "name": "fileupload106924",
                "label": "用印文件",
                "labelAlign": "",
                "labelWidth": null,
                "labelHidden": false,
                "columnWidth": "200px",
                "disabled": false,
                "hidden": false,
                "required": false,
                "requiredHint": "",
                "customRule": "",
                "customRuleHint": "",
                "uploadURL": "",
                "uploadTip": "",
                "withCredentials": false,
                "multipleSelect": false,
                "showFileList": true,
                "limit": 3,
                "fileMaxSize": 5,
                "fileTypes": [
                  "doc",
                  "docx",
                  "xls",
                  "xlsx"
                ],
                "customClass": [],
                "labelIconClass": null,
                "labelIconPosition": "rear",
                "labelTooltip": null,
                "onCreated": "",
                "onMounted": "",
                "onBeforeUpload": "",
                "onUploadSuccess": "",
                "onUploadError": "",
                "onFileRemove": "",
                "onValidate": ""
              },
              "id": "fileupload106924"
            }
          ],
          "options": {
            "name": "gridCol16552",
            "hidden": false,
            "span": 10,
            "offset": 0,
            "push": 1,
            "pull": 0,
            "responsive": false,
            "md": 12,
            "sm": 12,
            "xs": 12,
            "customClass": ""
          },
          "id": "grid-col-16552"
        },
        {
          "type": "grid-col",
          "category": "container",
          "icon": "grid-col",
          "internal": true,
          "widgetList": [],
          "options": {
            "name": "gridCol42108",
            "hidden": false,
            "span": 10,
            "offset": 0,
            "push": 2,
            "pull": 0,
            "responsive": false,
            "md": 12,
            "sm": 12,
            "xs": 12,
            "customClass": []
          },
          "id": "grid-col-42108"
        },
        {
          "type": "grid-col",
          "category": "container",
          "icon": "grid-col",
          "internal": true,
          "widgetList": [
            {
              "key": 102590,
              "type": "file-upload",
              "icon": "file-upload-field",
              "formItemFlag": true,
              "options": {
                "name": "fileupload40095",
                "label": "补充附件",
                "labelAlign": "",
                "labelWidth": null,
                "labelHidden": false,
                "columnWidth": "200px",
                "disabled": false,
                "hidden": false,
                "required": false,
                "requiredHint": "",
                "customRule": "",
                "customRuleHint": "",
                "uploadURL": "",
                "uploadTip": "",
                "withCredentials": false,
                "multipleSelect": false,
                "showFileList": true,
                "limit": 3,
                "fileMaxSize": 5,
                "fileTypes": [
                  "doc",
                  "docx",
                  "xls",
                  "xlsx"
                ],
                "customClass": [],
                "labelIconClass": null,
                "labelIconPosition": "rear",
                "labelTooltip": null,
                "onCreated": "",
                "onMounted": "",
                "onBeforeUpload": "",
                "onUploadSuccess": "",
                "onUploadError": "",
                "onFileRemove": "",
                "onValidate": ""
              },
              "id": "fileupload40095"
            }
          ],
          "options": {
            "name": "gridCol22794",
            "hidden": false,
            "span": 10,
            "offset": 0,
            "push": 1,
            "pull": 0,
            "responsive": false,
            "md": 12,
            "sm": 12,
            "xs": 12,
            "customClass": []
          },
          "id": "grid-col-22794"
        },
        {
          "type": "grid-col",
          "category": "container",
          "icon": "grid-col",
          "internal": true,
          "widgetList": [],
          "options": {
            "name": "gridCol63759",
            "hidden": false,
            "span": 10,
            "offset": 0,
            "push": 2,
            "pull": 0,
            "responsive": false,
            "md": 12,
            "sm": 12,
            "xs": 12,
            "customClass": ""
          },
          "id": "grid-col-63759"
        }
      ],
      "options": {
        "name": "infoBox",
        "hidden": false,
        "gutter": 12,
        "colHeight": "40",
        "customClass": []
      },
      "id": "grid9256"
    },
    {
      "key": 94380,
      "type": "grid",
      "alias": "",
      "category": "container",
      "icon": "grid",
      "cols": [
        {
          "type": "grid-col",
          "category": "container",
          "icon": "grid-col",
          "internal": true,
          "widgetList": [
            {
              "key": 116908,
              "type": "static-text",
              "icon": "static-text",
              "formItemFlag": false,
              "options": {
                "name": "electronicSealTitle",
                "columnWidth": "200px",
                "hidden": false,
                "textContent": "签署信息",
                "customClass": [],
                "onCreated": "",
                "onMounted": "",
                "label": "static-text"
              },
              "id": "statictext68864"
            }
          ],
          "options": {
            "name": "gridCol80591",
            "hidden": false,
            "span": 10,
            "offset": 0,
            "push": 0,
            "pull": 0,
            "responsive": false,
            "md": 12,
            "sm": 12,
            "xs": 12,
            "customClass": []
          },
          "id": "grid-col-80591"
        },
        {
          "type": "grid-col",
          "category": "container",
          "icon": "grid-col",
          "internal": true,
          "widgetList": [],
          "options": {
            "name": "gridCol85480",
            "hidden": false,
            "span": 10,
            "offset": 0,
            "push": 2,
            "pull": 0,
            "responsive": false,
            "md": 12,
            "sm": 12,
            "xs": 12,
            "customClass": ""
          },
          "id": "grid-col-85480"
        },
        {
          "type": "grid-col",
          "category": "container",
          "icon": "grid-col",
          "internal": true,
          "widgetList": [
            {
              "key": 102590,
              "type": "file-upload",
              "icon": "file-upload-field",
              "formItemFlag": true,
              "options": {
                "name": "fileupload106770",
                "label": "签署文件",
                "labelAlign": "",
                "labelWidth": null,
                "labelHidden": false,
                "columnWidth": "200px",
                "disabled": false,
                "hidden": false,
                "required": true,
                "requiredHint": "",
                "customRule": "",
                "customRuleHint": "",
                "uploadURL": "",
                "uploadTip": "",
                "withCredentials": false,
                "multipleSelect": false,
                "showFileList": true,
                "limit": 3,
                "fileMaxSize": 5,
                "fileTypes": [
                  "doc",
                  "docx",
                  "xls",
                  "xlsx"
                ],
                "customClass": [],
                "labelIconClass": null,
                "labelIconPosition": "rear",
                "labelTooltip": null,
                "onCreated": "",
                "onMounted": "",
                "onBeforeUpload": "",
                "onUploadSuccess": "",
                "onUploadError": "",
                "onFileRemove": "",
                "onValidate": ""
              },
              "id": "fileupload106770"
            }
          ],
          "options": {
            "name": "gridCol56447",
            "hidden": false,
            "span": 10,
            "offset": 0,
            "push": 1,
            "pull": 0,
            "responsive": false,
            "md": 12,
            "sm": 12,
            "xs": 12,
            "customClass": []
          },
          "id": "grid-col-56447"
        }
      ],
      "options": {
        "name": "SignBox",
        "hidden": true,
        "gutter": 12,
        "colHeight": "40",
        "customClass": []
      },
      "id": "grid98299"
    },
    {
      "key": 94380,
      "type": "grid",
      "alias": "",
      "category": "container",
      "icon": "grid",
      "cols": [
        {
          "type": "grid-col",
          "category": "container",
          "icon": "grid-col",
          "internal": true,
          "widgetList": [
            {
              "key": 116908,
              "type": "static-text",
              "icon": "static-text",
              "formItemFlag": false,
              "options": {
                "name": "statictext43724",
                "columnWidth": "200px",
                "hidden": false,
                "textContent": "审批流程",
                "customClass": [],
                "onCreated": "",
                "onMounted": "",
                "label": "static-text"
              },
              "id": "statictext43724"
            }
          ],
          "options": {
            "name": "gridCol39498",
            "hidden": false,
            "span": 10,
            "offset": 0,
            "push": 0,
            "pull": 0,
            "responsive": false,
            "md": 12,
            "sm": 12,
            "xs": 12,
            "customClass": ""
          },
          "id": "grid-col-39498"
        },
        {
          "type": "grid-col",
          "category": "container",
          "icon": "grid-col",
          "internal": true,
          "widgetList": [],
          "options": {
            "name": "gridCol103010",
            "hidden": false,
            "span": 10,
            "offset": 0,
            "push": 2,
            "pull": 0,
            "responsive": false,
            "md": 12,
            "sm": 12,
            "xs": 12,
            "customClass": ""
          },
          "id": "grid-col-103010"
        },
        {
          "type": "grid-col",
          "category": "container",
          "icon": "grid-col",
          "internal": true,
          "widgetList": [
            {
              "key": 55892,
              "type": "select",
              "icon": "select-field",
              "formItemFlag": true,
              "options": {
                "name": "select24786",
                "label": "审批流程",
                "labelAlign": "",
                "defaultValue": "",
                "placeholder": "请选择",
                "columnWidth": "200px",
                "size": "",
                "labelWidth": null,
                "labelHidden": false,
                "disabled": false,
                "hidden": false,
                "clearable": true,
                "filterable": false,
                "allowCreate": false,
                "remote": false,
                "automaticDropdown": false,
                "multiple": false,
                "multipleLimit": 0,
                "dsEnabled": false,
                "dsName": "",
                "dataSetName": "",
                "labelKey": "labelLine",
                "valueKey": "valueLine",
                "optionItems": [
                  {
                    "label": "流程一",
                    "value": 1
                  },
                  {
                    "label": "流程二",
                    "value": 2
                  },
                  {
                    "label": "流程三",
                    "value": 3
                  }
                ],
                "required": true,
                "requiredHint": "请选择审批流程",
                "validation": "",
                "validationHint": "",
                "customClass": [],
                "labelIconClass": null,
                "labelIconPosition": "rear",
                "labelTooltip": null,
                "onCreated": "",
                "onMounted": "",
                "onRemoteQuery": "",
                "onChange": "",
                "onFocus": "",
                "onBlur": "",
                "onValidate": ""
              },
              "id": "select24786"
            }
          ],
          "options": {
            "name": "gridCol62156",
            "hidden": false,
            "span": 10,
            "offset": 0,
            "push": 1,
            "pull": 0,
            "responsive": false,
            "md": 12,
            "sm": 12,
            "xs": 12,
            "customClass": ""
          },
          "id": "grid-col-62156"
        }
      ],
      "options": {
        "name": "grid80450",
        "hidden": false,
        "gutter": 12,
        "colHeight": "40",
        "customClass": []
      },
      "id": "grid80450"
    }
  ],
  "formConfig": {
    "modelName": "formData",
    "refName": "vForm",
    "rulesName": "rules",
    "labelWidth": 80,
    "labelPosition": "left",
    "size": "",
    "labelAlign": "label-left-align",
    "cssCode": "",
    "customClass": "",
    "functions": "",
    "layoutType": "PC",
    "jsonVersion": 3,
    "dataSources": [],
    "onFormCreated": "",
    "onFormMounted": "",
    "onFormDataChange": "",
    "onFormValidate": ""
  }
}