{"widgetList":[{"key":41481,"type":"input","alias":"","icon":"text-field","formItemFlag":true,"options":{"name":"input102598","label":"印章类型编码","labelAlign":"","type":"text","defaultValue":"20221219200212354","placeholder":"","columnWidth":"200px","size":"","labelWidth":null,"labelHidden":false,"readonly":false,"disabled":true,"hidden":false,"clearable":true,"showPassword":false,"required":false,"requiredHint":"","validation":"","validationHint":"","customClass":[],"labelIconClass":null,"labelIconPosition":"rear","labelTooltip":null,"minLength":null,"maxLength":null,"showWordLimit":false,"prefixIcon":"","suffixIcon":"","appendButton":false,"appendButtonDisabled":false,"buttonIcon":"custom-search","onCreated":"","onMounted":"","onInput":"","onChange":"","onFocus":"","onBlur":"","onValidate":"","onAppendButtonClick":""},"id":"input102598"},{"key":41481,"type":"input","alias":"","icon":"text-field","formItemFlag":true,"options":{"name":"input46873","label":"印章类型名称","labelAlign":"label-left-align","type":"text","defaultValue":"","placeholder":"请输入印章类型","columnWidth":"200px","size":"","labelWidth":null,"labelHidden":false,"readonly":false,"disabled":false,"hidden":false,"clearable":true,"showPassword":false,"required":true,"requiredHint":"请输入印章类型","validation":"","validationHint":"","customClass":"","labelIconClass":null,"labelIconPosition":"rear","labelTooltip":null,"minLength":null,"maxLength":null,"showWordLimit":false,"prefixIcon":"","suffixIcon":"","appendButton":false,"appendButtonDisabled":false,"buttonIcon":"custom-search","onCreated":"","onMounted":"","onInput":"","onChange":"","onFocus":"","onBlur":"","onValidate":"","onAppendButtonClick":""},"id":"input46873"},{"key":97948,"type":"textarea","icon":"textarea-field","formItemFlag":true,"options":{"name":"textarea101128","label":"描述","labelAlign":"label-right-align","rows":3,"defaultValue":"","placeholder":"","columnWidth":"200px","size":"","labelWidth":null,"labelHidden":false,"readonly":false,"disabled":false,"hidden":false,"required":false,"requiredHint":"","validation":"","validationHint":"","customClass":"","labelIconClass":null,"labelIconPosition":"rear","labelTooltip":null,"minLength":null,"maxLength":null,"showWordLimit":false,"onCreated":"","onMounted":"","onInput":"","onChange":"","onFocus":"","onBlur":"","onValidate":""},"id":"textarea101128"}],"formConfig":{"modelName":"formData","refName":"vForm","rulesName":"rules","labelWidth":110,"labelPosition":"left","size":"","labelAlign":"label-right-align","cssCode":"","customClass":[],"functions":"","layoutType":"PC","jsonVersion":3,"dataSources":[],"onFormCreated":"","onFormMounted":"","onFormDataChange":""}}