{
    "widgetList": [
      {
        "key": 54324,
        "type": "grid",
        "alias": "",
        "category": "container",
        "icon": "grid",
        "cols": [
          {
            "type": "grid-col",
            "category": "container",
            "icon": "grid-col",
            "internal": true,
            "widgetList": [
              {
                "key": 42992,
                "type": "input",
                "alias": "",
                "icon": "text-field",
                "formItemFlag": true,
                "options": {
                  "name": "input87381",
                  "label": "编码",
                  "labelAlign": "label-right-align",
                  "type": "text",
                  "defaultValue": "20221219152522311905",
                  "placeholder": "",
                  "columnWidth": "200px",
                  "size": "",
                  "labelWidth": "",
                  "labelHidden": false,
                  "readonly": true,
                  "disabled": true,
                  "hidden": false,
                  "clearable": true,
                  "showPassword": false,
                  "required": false,
                  "requiredHint": "",
                  "validation": "",
                  "validationHint": "",
                  "customClass": [],
                  "labelIconClass": null,
                  "labelIconPosition": "rear",
                  "labelTooltip": null,
                  "minLength": null,
                  "maxLength": null,
                  "showWordLimit": false,
                  "prefixIcon": "",
                  "suffixIcon": "",
                  "appendButton": false,
                  "appendButtonDisabled": false,
                  "buttonIcon": "custom-search",
                  "onCreated": "",
                  "onMounted": "",
                  "onInput": "",
                  "onChange": "",
                  "onFocus": "",
                  "onBlur": "",
                  "onValidate": "",
                  "onAppendButtonClick": ""
                },
                "id": "input87381"
              }
            ],
            "options": {
              "name": "gridCol107442",
              "hidden": false,
              "span": 12,
              "offset": 0,
              "push": 0,
              "pull": 0,
              "responsive": false,
              "md": 12,
              "sm": 12,
              "xs": 12,
              "customClass": ""
            },
            "id": "grid-col-107442"
          },
          {
            "type": "grid-col",
            "category": "container",
            "icon": "grid-col",
            "internal": true,
            "widgetList": [],
            "options": {
              "name": "gridCol64049",
              "hidden": false,
              "span": 12,
              "offset": 0,
              "push": 0,
              "pull": 0,
              "responsive": false,
              "md": 12,
              "sm": 12,
              "xs": 12,
              "customClass": ""
            },
            "id": "grid-col-64049"
          }
        ],
        "options": {
          "name": "grid59446",
          "hidden": false,
          "gutter": 12,
          "colHeight": null,
          "customClass": []
        },
        "id": "grid59446"
      },
      {
        "type": "grid",
        "category": "container",
        "icon": "grid",
        "cols": [
          {
            "type": "grid-col",
            "category": "container",
            "icon": "grid-col",
            "internal": true,
            "widgetList": [
              {
                "key": 63353,
                "type": "select",
                "icon": "select-field",
                "formItemFlag": true,
                "options": {
                  "name": "select55923",
                  "label": "印章类型",
                  "labelAlign": "",
                  "defaultValue": "",
                  "placeholder": "",
                  "columnWidth": "200px",
                  "size": "",
                  "labelWidth": null,
                  "labelHidden": false,
                  "disabled": false,
                  "hidden": false,
                  "clearable": true,
                  "filterable": false,
                  "allowCreate": false,
                  "remote": false,
                  "automaticDropdown": false,
                  "multiple": false,
                  "multipleLimit": 0,
                  "dsEnabled": false,
                  "dsName": "",
                  "dataSetName": "",
                  "labelKey": "label",
                  "valueKey": "value",
                  "optionItems": [
                    {
                      "label": "合同章",
                      "value": 1
                    },
                    {
                      "label": "公章",
                      "value": 2
                    },
                    {
                      "label": "其他",
                      "value": 3
                    }
                  ],
                  "required": true,
                  "requiredHint": "请选择印章类型",
                  "validation": "",
                  "validationHint": "",
                  "customClass": "",
                  "labelIconClass": null,
                  "labelIconPosition": "rear",
                  "labelTooltip": null,
                  "onCreated": "",
                  "onMounted": "",
                  "onRemoteQuery": "",
                  "onChange": "",
                  "onFocus": "",
                  "onBlur": "",
                  "onValidate": ""
                },
                "id": "select55923"
              }
            ],
            "options": {
              "name": "gridCol51769",
              "hidden": false,
              "span": 12,
              "offset": 0,
              "push": 0,
              "pull": 0,
              "responsive": false,
              "md": 12,
              "sm": 12,
              "xs": 12,
              "customClass": ""
            },
            "id": "grid-col-51769"
          },
          {
            "type": "grid-col",
            "category": "container",
            "icon": "grid-col",
            "internal": true,
            "widgetList": [
              {
                "key": 42992,
                "type": "input",
                "alias": "",
                "icon": "text-field",
                "formItemFlag": true,
                "options": {
                  "name": "input71961",
                  "label": "印章名称",
                  "labelAlign": "",
                  "type": "text",
                  "defaultValue": "",
                  "placeholder": "请输入",
                  "columnWidth": "200px",
                  "size": "",
                  "labelWidth": null,
                  "labelHidden": false,
                  "readonly": false,
                  "disabled": false,
                  "hidden": false,
                  "clearable": true,
                  "showPassword": false,
                  "required": true,
                  "requiredHint": "请输入印章名称",
                  "validation": "",
                  "validationHint": "",
                  "customClass": "",
                  "labelIconClass": null,
                  "labelIconPosition": "rear",
                  "labelTooltip": null,
                  "minLength": null,
                  "maxLength": null,
                  "showWordLimit": false,
                  "prefixIcon": "",
                  "suffixIcon": "",
                  "appendButton": false,
                  "appendButtonDisabled": false,
                  "buttonIcon": "custom-search",
                  "onCreated": "",
                  "onMounted": "",
                  "onInput": "",
                  "onChange": "",
                  "onFocus": "",
                  "onBlur": "",
                  "onValidate": "",
                  "onAppendButtonClick": ""
                },
                "id": "input71961"
              }
            ],
            "options": {
              "name": "gridCol24443",
              "hidden": false,
              "span": 12,
              "offset": 0,
              "push": 0,
              "pull": 0,
              "responsive": false,
              "md": 12,
              "sm": 12,
              "xs": 12,
              "customClass": ""
            },
            "id": "grid-col-24443"
          }
        ],
        "options": {
          "name": "grid89326",
          "hidden": false,
          "gutter": 12,
          "colHeight": null,
          "customClass": ""
        },
        "id": "grid89326"
      },
      {
        "key": 54324,
        "type": "grid",
        "alias": "",
        "category": "container",
        "icon": "grid",
        "cols": [
          {
            "type": "grid-col",
            "category": "container",
            "icon": "grid-col",
            "internal": true,
            "widgetList": [
              {
                "key": 54104,
                "type": "input",
                "alias": "",
                "icon": "text-field",
                "formItemFlag": true,
                "options": {
                  "name": "input48389",
                  "label": "新保管人",
                  "labelAlign": "",
                  "type": "text",
                  "defaultValue": "",
                  "placeholder": "请选择",
                  "columnWidth": "200px",
                  "size": "",
                  "labelWidth": null,
                  "labelHidden": false,
                  "readonly": false,
                  "disabled": false,
                  "hidden": false,
                  "clearable": true,
                  "showPassword": false,
                  "required": true,
                  "requiredHint": "请选择保管人",
                  "validation": "",
                  "validationHint": "",
                  "customClass": [],
                  "labelIconClass": null,
                  "labelIconPosition": "rear",
                  "labelTooltip": null,
                  "minLength": null,
                  "maxLength": null,
                  "showWordLimit": false,
                  "prefixIcon": "",
                  "suffixIcon": "",
                  "appendButton": false,
                  "appendButtonDisabled": false,
                  "buttonIcon": "custom-search",
                  "onCreated": "",
                  "onMounted": "",
                  "onInput": "",
                  "onChange": "",
                  "onFocus": "",
                  "onBlur": "",
                  "onValidate": "",
                  "onAppendButtonClick": ""
                },
                "id": "input48389"
              }
            ],
            "options": {
              "name": "gridCol78165",
              "hidden": false,
              "span": 12,
              "offset": 0,
              "push": 0,
              "pull": 0,
              "responsive": false,
              "md": 12,
              "sm": 12,
              "xs": 12,
              "customClass": ""
            },
            "id": "grid-col-78165"
          },
          {
            "type": "grid-col",
            "category": "container",
            "icon": "grid-col",
            "internal": true,
            "widgetList": [
              {
                "key": 54104,
                "type": "input",
                "alias": "",
                "icon": "text-field",
                "formItemFlag": true,
                "options": {
                  "name": "input108272",
                  "label": "新保管部门",
                  "labelAlign": "",
                  "type": "text",
                  "defaultValue": "",
                  "placeholder": "请选择",
                  "columnWidth": "200px",
                  "size": "",
                  "labelWidth": null,
                  "labelHidden": false,
                  "readonly": false,
                  "disabled": false,
                  "hidden": false,
                  "clearable": true,
                  "showPassword": false,
                  "required": true,
                  "requiredHint": "请选择保管部门",
                  "validation": "",
                  "validationHint": "",
                  "customClass": "",
                  "labelIconClass": null,
                  "labelIconPosition": "rear",
                  "labelTooltip": null,
                  "minLength": null,
                  "maxLength": null,
                  "showWordLimit": false,
                  "prefixIcon": "",
                  "suffixIcon": "",
                  "appendButton": false,
                  "appendButtonDisabled": false,
                  "buttonIcon": "custom-search",
                  "onCreated": "",
                  "onMounted": "",
                  "onInput": "",
                  "onChange": "",
                  "onFocus": "",
                  "onBlur": "",
                  "onValidate": "",
                  "onAppendButtonClick": ""
                },
                "id": "input108272"
              }
            ],
            "options": {
              "name": "gridCol67837",
              "hidden": false,
              "span": 12,
              "offset": 0,
              "push": 0,
              "pull": 0,
              "responsive": false,
              "md": 12,
              "sm": 12,
              "xs": 12,
              "customClass": ""
            },
            "id": "grid-col-67837"
          }
        ],
        "options": {
          "name": "grid15181",
          "hidden": false,
          "gutter": 12,
          "colHeight": null,
          "customClass": []
        },
        "id": "grid15181"
      }
    ],
    "formConfig": {
      "modelName": "formData",
      "refName": "vForm",
      "rulesName": "rules",
      "labelWidth": 80,
      "labelPosition": "left",
      "size": "",
      "labelAlign": "label-left-align",
      "cssCode": "",
      "customClass": [],
      "functions": "",
      "layoutType": "PC",
      "jsonVersion": 3,
      "dataSources": [],
      "onFormCreated": "",
      "onFormMounted": "",
      "onFormDataChange": ""
    }
  }