{"widgetList":[{"key":94019,"type":"radio","icon":"radio-field","formItemFlag":true,"options":{"name":"radio101515","label":"处理结果","labelAlign":"","defaultValue":1,"columnWidth":"200px","size":"","displayStyle":"inline","buttonStyle":false,"border":false,"labelWidth":null,"labelHidden":false,"disabled":false,"hidden":false,"dsEnabled":false,"dsName":"","dataSetName":"","labelKey":"label","valueKey":"value","optionItems":[{"label":"误报","value":1},{"label":"存在异常","value":2}],"required":true,"requiredHint":"请选择处理结果","validation":"","validationHint":"","customClass":"","labelIconClass":null,"labelIconPosition":"rear","labelTooltip":null,"onCreated":"","onMounted":"","onChange":"","onValidate":""},"id":"radio101515"},{"key":15819,"type":"textarea","icon":"textarea-field","formItemFlag":true,"options":{"name":"textarea7311","label":"处理说明","labelAlign":"","rows":3,"defaultValue":"","placeholder":"请输入","columnWidth":"200px","size":"","labelWidth":null,"labelHidden":false,"readonly":false,"disabled":false,"hidden":false,"required":false,"requiredHint":"","validation":"","validationHint":"","customClass":"","labelIconClass":null,"labelIconPosition":"rear","labelTooltip":null,"minLength":null,"maxLength":null,"showWordLimit":false,"onCreated":"","onMounted":"","onInput":"","onChange":"","onFocus":"","onBlur":"","onValidate":""},"id":"textarea7311"}],"formConfig":{"modelName":"formData","refName":"vForm","rulesName":"rules","labelWidth":80,"labelPosition":"left","size":"","labelAlign":"label-left-align","cssCode":"","customClass":"","functions":"","layoutType":"PC","jsonVersion":3,"dataSources":[],"onFormCreated":"","onFormMounted":"","onFormDataChange":"","onFormValidate":""}}