{
  "widgetList": [
    {
      "key": 94380,
      "type": "grid",
      "alias": "",
      "category": "container",
      "icon": "grid",
      "cols": [
        {
          "type": "grid-col",
          "category": "container",
          "icon": "grid-col",
          "internal": true,
          "widgetList": [
            {
              "key": 69878,
              "type": "input",
              "alias": "",
              "icon": "text-field",
              "formItemFlag": true,
              "options": {
                "name": "input113395",
                "label": "工作台编码",
                "labelAlign": "",
                "type": "text",
                "defaultValue": "20221215102107641438",
                "placeholder": "请输入",
                "columnWidth": "200px",
                "size": "",
                "labelWidth": null,
                "labelHidden": false,
                "readonly": false,
                "disabled": false,
                "hidden": false,
                "clearable": true,
                "showPassword": false,
                "required": true,
                "requiredHint": "请输入工作台编码",
                "validation": "",
                "validationHint": "",
                "customClass": [],
                "labelIconClass": null,
                "labelIconPosition": "rear",
                "labelTooltip": null,
                "minLength": null,
                "maxLength": null,
                "showWordLimit": false,
                "prefixIcon": "",
                "suffixIcon": "",
                "appendButton": false,
                "appendButtonDisabled": false,
                "buttonIcon": "custom-search",
                "onCreated": "",
                "onMounted": "",
                "onInput": "",
                "onChange": "",
                "onFocus": "",
                "onBlur": "",
                "onValidate": "",
                "onAppendButtonClick": ""
              },
              "id": "input113395"
            }
          ],
          "options": {
            "name": "gridCol40402",
            "hidden": false,
            "span": 23,
            "offset": 0,
            "push": 1,
            "pull": 0,
            "responsive": false,
            "md": 12,
            "sm": 12,
            "xs": 12,
            "customClass": []
          },
          "id": "grid-col-40402"
        },
        {
          "type": "grid-col",
          "category": "container",
          "icon": "grid-col",
          "internal": true,
          "widgetList": [
            {
              "key": 69878,
              "type": "input",
              "alias": "",
              "icon": "text-field",
              "formItemFlag": true,
              "options": {
                "name": "input114431",
                "label": "设备串号",
                "labelAlign": "",
                "type": "text",
                "defaultValue": "",
                "placeholder": "请输入",
                "columnWidth": "200px",
                "size": "",
                "labelWidth": null,
                "labelHidden": false,
                "readonly": false,
                "disabled": false,
                "hidden": false,
                "clearable": true,
                "showPassword": false,
                "required": true,
                "requiredHint": "请输入设备串号",
                "validation": "",
                "validationHint": "",
                "customClass": [],
                "labelIconClass": null,
                "labelIconPosition": "rear",
                "labelTooltip": null,
                "minLength": null,
                "maxLength": null,
                "showWordLimit": false,
                "prefixIcon": "",
                "suffixIcon": "",
                "appendButton": false,
                "appendButtonDisabled": false,
                "buttonIcon": "custom-search",
                "onCreated": "",
                "onMounted": "",
                "onInput": "",
                "onChange": "",
                "onFocus": "",
                "onBlur": "",
                "onValidate": "",
                "onAppendButtonClick": ""
              },
              "id": "input114431"
            }
          ],
          "options": {
            "name": "gridCol45764",
            "hidden": false,
            "span": 23,
            "offset": 0,
            "push": 1,
            "pull": 0,
            "responsive": false,
            "md": 12,
            "sm": 12,
            "xs": 12,
            "customClass": []
          },
          "id": "grid-col-45764"
        },
        {
          "type": "grid-col",
          "category": "container",
          "icon": "grid-col",
          "internal": true,
          "widgetList": [
            {
              "key": 69878,
              "type": "input",
              "alias": "",
              "icon": "text-field",
              "formItemFlag": true,
              "options": {
                "name": "input94400",
                "label": "保管人",
                "labelAlign": "",
                "type": "text",
                "defaultValue": "李丽丽",
                "placeholder": "请选择",
                "columnWidth": "200px",
                "size": "",
                "labelWidth": null,
                "labelHidden": false,
                "readonly": false,
                "disabled": false,
                "hidden": false,
                "clearable": true,
                "showPassword": false,
                "required": true,
                "requiredHint": "请选择保管人",
                "validation": "",
                "validationHint": "",
                "customClass": [],
                "labelIconClass": null,
                "labelIconPosition": "rear",
                "labelTooltip": null,
                "minLength": null,
                "maxLength": null,
                "showWordLimit": false,
                "prefixIcon": "",
                "suffixIcon": "",
                "appendButton": false,
                "appendButtonDisabled": false,
                "buttonIcon": "custom-search",
                "onCreated": "",
                "onMounted": "",
                "onInput": "",
                "onChange": "",
                "onFocus": "",
                "onBlur": "",
                "onValidate": "",
                "onAppendButtonClick": ""
              },
              "id": "input94400"
            }
          ],
          "options": {
            "name": "gridCol48530",
            "hidden": false,
            "span": 23,
            "offset": 0,
            "push": 1,
            "pull": 0,
            "responsive": false,
            "md": 12,
            "sm": 12,
            "xs": 12,
            "customClass": []
          },
          "id": "grid-col-48530"
        },
        {
          "type": "grid-col",
          "category": "container",
          "icon": "grid-col",
          "internal": true,
          "widgetList": [
            {
              "key": 69878,
              "type": "input",
              "alias": "",
              "icon": "text-field",
              "formItemFlag": true,
              "options": {
                "name": "input60577",
                "label": "所属部门",
                "labelAlign": "",
                "type": "text",
                "defaultValue": "建业科技",
                "placeholder": "请选择",
                "columnWidth": "200px",
                "size": "",
                "labelWidth": null,
                "labelHidden": false,
                "readonly": false,
                "disabled": false,
                "hidden": false,
                "clearable": true,
                "showPassword": false,
                "required": true,
                "requiredHint": "请选择所属部门",
                "validation": "",
                "validationHint": "",
                "customClass": [],
                "labelIconClass": null,
                "labelIconPosition": "rear",
                "labelTooltip": null,
                "minLength": null,
                "maxLength": null,
                "showWordLimit": false,
                "prefixIcon": "",
                "suffixIcon": "",
                "appendButton": false,
                "appendButtonDisabled": false,
                "buttonIcon": "custom-search",
                "onCreated": "",
                "onMounted": "",
                "onInput": "",
                "onChange": "",
                "onFocus": "",
                "onBlur": "",
                "onValidate": "",
                "onAppendButtonClick": ""
              },
              "id": "input60577"
            }
          ],
          "options": {
            "name": "gridCol48059",
            "hidden": false,
            "span": 23,
            "offset": 0,
            "push": 1,
            "pull": 0,
            "responsive": false,
            "md": 12,
            "sm": 12,
            "xs": 12,
            "customClass": []
          },
          "id": "grid-col-48059"
        },
        {
          "type": "grid-col",
          "category": "container",
          "icon": "grid-col",
          "internal": true,
          "widgetList": [
            {
              "key": 93537,
              "type": "radio",
              "icon": "radio-field",
              "formItemFlag": true,
              "options": {
                "name": "radio66016",
                "label": "设备状态",
                "labelAlign": "",
                "defaultValue": 1,
                "columnWidth": "200px",
                "size": "",
                "displayStyle": "inline",
                "buttonStyle": false,
                "border": false,
                "labelWidth": null,
                "labelHidden": false,
                "disabled": false,
                "hidden": false,
                "dsEnabled": false,
                "dsName": "",
                "dataSetName": "",
                "labelKey": "label",
                "valueKey": "value",
                "optionItems": [
                  {
                    "label": "正常",
                    "value": 1
                  },
                  {
                    "label": "停用",
                    "value": 2
                  }
                ],
                "required": false,
                "requiredHint": "",
                "validation": "",
                "validationHint": "",
                "customClass": [],
                "labelIconClass": null,
                "labelIconPosition": "rear",
                "labelTooltip": null,
                "onCreated": "",
                "onMounted": "",
                "onChange": "",
                "onValidate": ""
              },
              "id": "radio66016"
            }
          ],
          "options": {
            "name": "gridCol110029",
            "hidden": false,
            "span": 22,
            "offset": 0,
            "push": 1,
            "pull": 0,
            "responsive": false,
            "md": 12,
            "sm": 12,
            "xs": 12,
            "customClass": []
          },
          "id": "grid-col-110029"
        },
        {
          "type": "grid-col",
          "category": "container",
          "icon": "grid-col",
          "internal": true,
          "widgetList": [
            {
              "key": 93537,
              "type": "radio",
              "icon": "radio-field",
              "formItemFlag": true,
              "options": {
                "name": "radio52694",
                "label": "盖章码盖章",
                "labelAlign": "",
                "defaultValue": 2,
                "columnWidth": "200px",
                "size": "",
                "displayStyle": "inline",
                "buttonStyle": false,
                "border": false,
                "labelWidth": null,
                "labelHidden": false,
                "disabled": false,
                "hidden": false,
                "dsEnabled": false,
                "dsName": "",
                "dataSetName": "",
                "labelKey": "label",
                "valueKey": "value",
                "optionItems": [
                  {
                    "label": "是",
                    "value": 1
                  },
                  {
                    "label": "否",
                    "value": 2
                  }
                ],
                "required": false,
                "requiredHint": "",
                "validation": "",
                "validationHint": "",
                "customClass": [],
                "labelIconClass": null,
                "labelIconPosition": "rear",
                "labelTooltip": null,
                "onCreated": "",
                "onMounted": "",
                "onChange": "",
                "onValidate": ""
              },
              "id": "radio52694"
            }
          ],
          "options": {
            "name": "gridCol50691",
            "hidden": false,
            "span": 22,
            "offset": 0,
            "push": 1,
            "pull": 0,
            "responsive": false,
            "md": 12,
            "sm": 12,
            "xs": 12,
            "customClass": []
          },
          "id": "grid-col-50691"
        },
        {
          "type": "grid-col",
          "category": "container",
          "icon": "grid-col",
          "internal": true,
          "widgetList": [
            {
              "key": 93537,
              "type": "radio",
              "icon": "radio-field",
              "formItemFlag": true,
              "options": {
                "name": "radio46353",
                "label": "人脸快捷盖章",
                "labelAlign": "",
                "defaultValue": 1,
                "columnWidth": "200px",
                "size": "",
                "displayStyle": "inline",
                "buttonStyle": false,
                "border": false,
                "labelWidth": null,
                "labelHidden": false,
                "disabled": false,
                "hidden": false,
                "dsEnabled": false,
                "dsName": "",
                "dataSetName": "",
                "labelKey": "label",
                "valueKey": "value",
                "optionItems": [
                  {
                    "label": "是",
                    "value": 1
                  },
                  {
                    "label": "否",
                    "value": 2
                  }
                ],
                "required": false,
                "requiredHint": "",
                "validation": "",
                "validationHint": "",
                "customClass": "",
                "labelIconClass": null,
                "labelIconPosition": "rear",
                "labelTooltip": null,
                "onCreated": "",
                "onMounted": "",
                "onChange": "",
                "onValidate": ""
              },
              "id": "radio46353"
            }
          ],
          "options": {
            "name": "gridCol42355",
            "hidden": false,
            "span": 22,
            "offset": 0,
            "push": 1,
            "pull": 0,
            "responsive": false,
            "md": 12,
            "sm": 12,
            "xs": 12,
            "customClass": []
          },
          "id": "grid-col-42355"
        },
        {
          "type": "grid-col",
          "category": "container",
          "icon": "grid-col",
          "internal": true,
          "widgetList": [
            {
              "key": 93537,
              "type": "radio",
              "icon": "radio-field",
              "formItemFlag": true,
              "options": {
                "name": "radio32286",
                "label": "语音交互",
                "labelAlign": "",
                "defaultValue": 1,
                "columnWidth": "200px",
                "size": "",
                "displayStyle": "inline",
                "buttonStyle": false,
                "border": false,
                "labelWidth": null,
                "labelHidden": false,
                "disabled": false,
                "hidden": false,
                "dsEnabled": false,
                "dsName": "",
                "dataSetName": "",
                "labelKey": "label",
                "valueKey": "value",
                "optionItems": [
                  {
                    "label": "启用",
                    "value": 1
                  },
                  {
                    "label": "停用",
                    "value": 2
                  }
                ],
                "required": false,
                "requiredHint": "",
                "validation": "",
                "validationHint": "",
                "customClass": [],
                "labelIconClass": null,
                "labelIconPosition": "rear",
                "labelTooltip": null,
                "onCreated": "",
                "onMounted": "",
                "onChange": "",
                "onValidate": ""
              },
              "id": "radio32286"
            }
          ],
          "options": {
            "name": "gridCol75281",
            "hidden": false,
            "span": 22,
            "offset": 0,
            "push": 1,
            "pull": 0,
            "responsive": false,
            "md": 12,
            "sm": 12,
            "xs": 12,
            "customClass": []
          },
          "id": "grid-col-75281"
        },
        {
          "type": "grid-col",
          "category": "container",
          "icon": "grid-col",
          "internal": true,
          "widgetList": [
            {
              "key": 93537,
              "type": "radio",
              "icon": "radio-field",
              "formItemFlag": true,
              "options": {
                "name": "radio49460",
                "label": "红外电子围栏",
                "labelAlign": "",
                "defaultValue": 1,
                "columnWidth": "200px",
                "size": "",
                "displayStyle": "inline",
                "buttonStyle": false,
                "border": false,
                "labelWidth": null,
                "labelHidden": false,
                "disabled": false,
                "hidden": false,
                "dsEnabled": false,
                "dsName": "",
                "dataSetName": "",
                "labelKey": "label",
                "valueKey": "value",
                "optionItems": [
                  {
                    "label": "启用",
                    "value": 1
                  },
                  {
                    "label": "停用",
                    "value": 2
                  }
                ],
                "required": false,
                "requiredHint": "",
                "validation": "",
                "validationHint": "",
                "customClass": [],
                "labelIconClass": null,
                "labelIconPosition": "rear",
                "labelTooltip": null,
                "onCreated": "",
                "onMounted": "",
                "onChange": "",
                "onValidate": ""
              },
              "id": "radio49460"
            }
          ],
          "options": {
            "name": "gridCol46665",
            "hidden": false,
            "span": 22,
            "offset": 0,
            "push": 1,
            "pull": 0,
            "responsive": false,
            "md": 12,
            "sm": 12,
            "xs": 12,
            "customClass": []
          },
          "id": "grid-col-46665"
        },
        {
          "type": "grid-col",
          "category": "container",
          "icon": "grid-col",
          "internal": true,
          "widgetList": [
            {
              "key": 93537,
              "type": "radio",
              "icon": "radio-field",
              "formItemFlag": true,
              "options": {
                "name": "radio102040",
                "label": "人脸识别登录",
                "labelAlign": "",
                "defaultValue": 1,
                "columnWidth": "200px",
                "size": "",
                "displayStyle": "inline",
                "buttonStyle": false,
                "border": false,
                "labelWidth": null,
                "labelHidden": false,
                "disabled": false,
                "hidden": false,
                "dsEnabled": false,
                "dsName": "",
                "dataSetName": "",
                "labelKey": "label",
                "valueKey": "value",
                "optionItems": [
                  {
                    "label": "启用",
                    "value": 1
                  },
                  {
                    "label": "停用",
                    "value": 2
                  }
                ],
                "required": false,
                "requiredHint": "",
                "validation": "",
                "validationHint": "",
                "customClass": [],
                "labelIconClass": null,
                "labelIconPosition": "rear",
                "labelTooltip": null,
                "onCreated": "",
                "onMounted": "",
                "onChange": "",
                "onValidate": ""
              },
              "id": "radio102040"
            }
          ],
          "options": {
            "name": "gridCol21770",
            "hidden": false,
            "span": 22,
            "offset": 0,
            "push": 1,
            "pull": 0,
            "responsive": false,
            "md": 12,
            "sm": 12,
            "xs": 12,
            "customClass": []
          },
          "id": "grid-col-21770"
        },
        {
          "type": "grid-col",
          "category": "container",
          "icon": "grid-col",
          "internal": true,
          "widgetList": [
            {
              "key": 93537,
              "type": "radio",
              "icon": "radio-field",
              "formItemFlag": true,
              "options": {
                "name": "radio22586",
                "label": "自动锁屏",
                "labelAlign": "",
                "defaultValue": 1,
                "columnWidth": "200px",
                "size": "",
                "displayStyle": "inline",
                "buttonStyle": false,
                "border": false,
                "labelWidth": null,
                "labelHidden": false,
                "disabled": false,
                "hidden": false,
                "dsEnabled": false,
                "dsName": "",
                "dataSetName": "",
                "labelKey": "label",
                "valueKey": "value",
                "optionItems": [
                  {
                    "label": "启用",
                    "value": 1
                  },
                  {
                    "label": "停用",
                    "value": 2
                  }
                ],
                "required": false,
                "requiredHint": "",
                "validation": "",
                "validationHint": "",
                "customClass": [],
                "labelIconClass": null,
                "labelIconPosition": "rear",
                "labelTooltip": null,
                "onCreated": "",
                "onMounted": "",
                "onChange": "",
                "onValidate": ""
              },
              "id": "radio22586"
            }
          ],
          "options": {
            "name": "gridCol49262",
            "hidden": false,
            "span": 22,
            "offset": 0,
            "push": 1,
            "pull": 0,
            "responsive": false,
            "md": 12,
            "sm": 12,
            "xs": 12,
            "customClass": []
          },
          "id": "grid-col-49262"
        },
        {
          "type": "grid-col",
          "category": "container",
          "icon": "grid-col",
          "internal": true,
          "widgetList": [
            {
              "key": 69878,
              "type": "input",
              "alias": "",
              "icon": "text-field",
              "formItemFlag": true,
              "options": {
                "name": "input87654",
                "label": "使用地点",
                "labelAlign": "",
                "type": "text",
                "defaultValue": "",
                "placeholder": "请输入",
                "columnWidth": "200px",
                "size": "",
                "labelWidth": null,
                "labelHidden": false,
                "readonly": false,
                "disabled": false,
                "hidden": false,
                "clearable": true,
                "showPassword": false,
                "required": false,
                "requiredHint": "",
                "validation": "",
                "validationHint": "",
                "customClass": [],
                "labelIconClass": null,
                "labelIconPosition": "rear",
                "labelTooltip": null,
                "minLength": null,
                "maxLength": null,
                "showWordLimit": false,
                "prefixIcon": "",
                "suffixIcon": "",
                "appendButton": false,
                "appendButtonDisabled": false,
                "buttonIcon": "custom-search",
                "onCreated": "",
                "onMounted": "",
                "onInput": "",
                "onChange": "",
                "onFocus": "",
                "onBlur": "",
                "onValidate": "",
                "onAppendButtonClick": ""
              },
              "id": "input87654"
            }
          ],
          "options": {
            "name": "gridCol91197",
            "hidden": false,
            "span": 23,
            "offset": 0,
            "push": 1,
            "pull": 0,
            "responsive": false,
            "md": 12,
            "sm": 12,
            "xs": 12,
            "customClass": []
          },
          "id": "grid-col-91197"
        },
        {
          "type": "grid-col",
          "category": "container",
          "icon": "grid-col",
          "internal": true,
          "widgetList": [
            {
              "key": 23667,
              "type": "textarea",
              "icon": "textarea-field",
              "formItemFlag": true,
              "options": {
                "name": "textarea83295",
                "label": "备注",
                "labelAlign": "",
                "rows": 3,
                "defaultValue": "",
                "placeholder": "请输入",
                "columnWidth": "200px",
                "size": "",
                "labelWidth": null,
                "labelHidden": false,
                "readonly": false,
                "disabled": false,
                "hidden": false,
                "required": false,
                "requiredHint": "",
                "validation": "",
                "validationHint": "",
                "customClass": [],
                "labelIconClass": null,
                "labelIconPosition": "rear",
                "labelTooltip": null,
                "minLength": null,
                "maxLength": null,
                "showWordLimit": false,
                "onCreated": "",
                "onMounted": "",
                "onInput": "",
                "onChange": "",
                "onFocus": "",
                "onBlur": "",
                "onValidate": ""
              },
              "id": "textarea83295"
            }
          ],
          "options": {
            "name": "gridCol110664",
            "hidden": false,
            "span": 23,
            "offset": 0,
            "push": 1,
            "pull": 0,
            "responsive": false,
            "md": 12,
            "sm": 12,
            "xs": 12,
            "customClass": ""
          },
          "id": "grid-col-110664"
        }
      ],
      "options": {
        "name": "grid57463",
        "hidden": false,
        "gutter": 12,
        "colHeight": null,
        "customClass": []
      },
      "id": "grid57463"
    }
  ],
  "formConfig": {
    "modelName": "formData",
    "refName": "vForm",
    "rulesName": "rules",
    "labelWidth": 100,
    "labelPosition": "left",
    "size": "",
    "labelAlign": "label-left-align",
    "cssCode": "",
    "customClass": "",
    "functions": "",
    "layoutType": "PC",
    "jsonVersion": 3,
    "dataSources": [],
    "onFormCreated": "",
    "onFormMounted": "",
    "onFormDataChange": "",
    "onFormValidate": ""
  }
}